2025-06-27 15:44:24,287 [Worker-4: Loading available Gradle versions] INFO  o.e.b.c.i.u.g.PublishedGradleVersions - Gradle version information cache is not available. Remote download required.
2025-06-27 15:45:19,423 [Worker-11: Import Getting Started Content] INFO  o.e.m.c.i.l.LifecycleMappingFactory - Using org.eclipse.m2e.jdt.JarLifecycleMapping lifecycle mapping for MavenProject: com.harman.demo:circuit-breaker-demo:0.0.1-SNAPSHOT @ D:\Jag\harman_training\Training\microservices\circuit-breaker-demo\pom.xml.
2025-06-27 15:45:19,854 [Worker-11: Import Getting Started Content] INFO  o.e.m.c.i.e.AbstractTransferListenerAdapter - Downloading https://repo.maven.apache.org/maven2/org/springframework/cloud/spring-cloud-starter-circuitbreaker-resilience4j/3.3.0/spring-cloud-starter-circuitbreaker-resilience4j-3.3.0.pom
2025-06-27 15:45:19,870 [Worker-11: Import Getting Started Content] INFO  o.e.m.c.i.e.AbstractTransferListenerAdapter - Downloaded https://repo.maven.apache.org/maven2/org/springframework/cloud/spring-cloud-starter-circuitbreaker-resilience4j/3.3.0/spring-cloud-starter-circuitbreaker-resilience4j-3.3.0.pom
2025-06-27 15:45:19,899 [Worker-11: Import Getting Started Content] INFO  o.e.m.c.i.e.AbstractTransferListenerAdapter - Downloading https://repo.maven.apache.org/maven2/org/springframework/cloud/spring-cloud-starter-circuitbreaker/3.3.0/spring-cloud-starter-circuitbreaker-3.3.0.pom
2025-06-27 15:45:19,908 [Worker-11: Import Getting Started Content] INFO  o.e.m.c.i.e.AbstractTransferListenerAdapter - Downloaded https://repo.maven.apache.org/maven2/org/springframework/cloud/spring-cloud-starter-circuitbreaker/3.3.0/spring-cloud-starter-circuitbreaker-3.3.0.pom
2025-06-27 15:45:20,309 [Worker-11: Import Getting Started Content] INFO  o.e.m.c.i.e.AbstractTransferListenerAdapter - Downloading https://repo.maven.apache.org/maven2/org/springframework/cloud/spring-cloud-starter-circuitbreaker-resilience4j/3.3.0/spring-cloud-starter-circuitbreaker-resilience4j-3.3.0.jar
2025-06-27 15:45:20,312 [Worker-11: Import Getting Started Content] INFO  o.e.m.c.i.e.AbstractTransferListenerAdapter - Downloaded https://repo.maven.apache.org/maven2/org/springframework/cloud/spring-cloud-starter-circuitbreaker-resilience4j/3.3.0/spring-cloud-starter-circuitbreaker-resilience4j-3.3.0.jar
2025-06-27 15:45:21,205 [Worker-11: Import Getting Started Content] INFO  o.e.m.j.i.AbstractJavaProjectConfigurator - Adding source folder /circuit-breaker-demo/src/main/java
2025-06-27 15:45:21,207 [Worker-11: Import Getting Started Content] INFO  o.e.m.j.i.AbstractJavaProjectConfigurator - Adding resource folder /circuit-breaker-demo/src/main/resources
2025-06-27 15:45:21,211 [Worker-11: Import Getting Started Content] INFO  o.e.m.j.i.AbstractJavaProjectConfigurator - Adding resource folder /circuit-breaker-demo/src/main/resources
2025-06-27 15:45:21,214 [Worker-11: Import Getting Started Content] INFO  o.e.m.j.i.AbstractJavaProjectConfigurator - Adding source folder /circuit-breaker-demo/src/test/java
2025-06-27 15:45:21,215 [Worker-11: Import Getting Started Content] INFO  o.e.m.j.i.AbstractJavaProjectConfigurator - Adding resource folder /circuit-breaker-demo/src/test/resources
2025-06-27 15:45:22,003 [Worker-14: Download sources and javadoc] INFO  o.e.m.c.i.e.AbstractTransferListenerAdapter - Downloading https://repo.maven.apache.org/maven2/org/springframework/cloud/spring-cloud-starter-circuitbreaker-resilience4j/3.3.0/spring-cloud-starter-circuitbreaker-resilience4j-3.3.0-sources.jar
2025-06-27 15:45:22,004 [Worker-11: Import Getting Started Content] INFO  o.e.m.c.i.p.ProjectConfigurationManager - Imported and configured 1 project(s) in 4 sec
2025-06-27 15:45:22,008 [Worker-11: Import Getting Started Content] INFO  o.e.m.c.i.p.ProjectConfigurationManager - Update started
2025-06-27 15:45:22,009 [Worker-14: Download sources and javadoc] INFO  o.e.m.c.i.e.AbstractTransferListenerAdapter - Downloaded https://repo.maven.apache.org/maven2/org/springframework/cloud/spring-cloud-starter-circuitbreaker-resilience4j/3.3.0/spring-cloud-starter-circuitbreaker-resilience4j-3.3.0-sources.jar
2025-06-27 15:45:22,013 [Worker-14: Download sources and javadoc] INFO  o.e.m.j.internal.DownloadSourcesJob - Downloaded sources for org.springframework.cloud:spring-cloud-starter-circuitbreaker-resilience4j:3.3.0
2025-06-27 15:45:22,424 [Worker-11: Import Getting Started Content] INFO  o.e.m.c.i.l.LifecycleMappingFactory - Using org.eclipse.m2e.jdt.JarLifecycleMapping lifecycle mapping for MavenProject: com.harman.demo:circuit-breaker-demo:0.0.1-SNAPSHOT @ D:\Jag\harman_training\Training\microservices\circuit-breaker-demo\pom.xml.
2025-06-27 15:45:23,073 [Worker-11: Import Getting Started Content] INFO  o.e.m.j.i.AbstractJavaProjectConfigurator - Adding source folder /circuit-breaker-demo/src/main/java
2025-06-27 15:45:23,074 [Worker-11: Import Getting Started Content] INFO  o.e.m.j.i.AbstractJavaProjectConfigurator - Adding resource folder /circuit-breaker-demo/src/main/resources
2025-06-27 15:45:23,074 [Worker-11: Import Getting Started Content] INFO  o.e.m.j.i.AbstractJavaProjectConfigurator - Adding resource folder /circuit-breaker-demo/src/main/resources
2025-06-27 15:45:23,075 [Worker-11: Import Getting Started Content] INFO  o.e.m.j.i.AbstractJavaProjectConfigurator - Adding source folder /circuit-breaker-demo/src/test/java
2025-06-27 15:45:23,076 [Worker-11: Import Getting Started Content] INFO  o.e.m.j.i.AbstractJavaProjectConfigurator - Adding resource folder /circuit-breaker-demo/src/test/resources
2025-06-27 15:45:23,774 [Worker-11: Import Getting Started Content] INFO  o.e.m.c.i.p.ProjectConfigurationManager - Update completed for 1 poms: local refresh takes 0.00 sec, refresh facades takes 1.00 sec, update config takes 0.00 sec 
2025-06-27 15:45:25,915 [Worker-6: Building] INFO  o.a.m.s.f.DefaultMavenResourcesFiltering - Copying 1 resource from src\main\resources to target\classes
2025-06-27 15:45:25,963 [Worker-6: Building] INFO  o.a.m.s.f.DefaultMavenResourcesFiltering - Copying 0 resource from src\main\resources to target\classes
2025-06-27 15:45:25,970 [Worker-6: Building] INFO  o.a.m.s.f.DefaultMavenResourcesFiltering - skip non existing resourceDirectory D:\Jag\harman_training\Training\microservices\circuit-breaker-demo\src\test\resources
2025-06-27 15:46:02,674 [Worker-5: Building] INFO  o.a.m.s.f.DefaultMavenResourcesFiltering - Copying 1 resource from src\main\resources to target\classes
2025-06-27 15:46:02,681 [Worker-5: Building] INFO  o.a.m.s.f.DefaultMavenResourcesFiltering - Copying 0 resource from src\main\resources to target\classes
2025-06-27 15:46:02,686 [Worker-5: Building] INFO  o.a.m.s.f.DefaultMavenResourcesFiltering - skip non existing resourceDirectory D:\Jag\harman_training\Training\microservices\circuit-breaker-demo\src\test\resources
2025-06-27 15:46:24,665 [Worker-3: Building] INFO  o.a.m.s.f.DefaultMavenResourcesFiltering - Copying 1 resource from src\main\resources to target\classes
2025-06-27 15:46:24,688 [Worker-3: Building] INFO  o.a.m.s.f.DefaultMavenResourcesFiltering - Copying 0 resource from src\main\resources to target\classes
2025-06-27 15:46:24,691 [Worker-3: Building] INFO  o.a.m.s.f.DefaultMavenResourcesFiltering - skip non existing resourceDirectory D:\Jag\harman_training\Training\microservices\circuit-breaker-demo\src\test\resources
2025-06-27 15:47:23,761 [Worker-12: Building] INFO  o.a.m.s.f.DefaultMavenResourcesFiltering - Copying 1 resource from src\main\resources to target\classes
2025-06-27 15:47:23,766 [Worker-12: Building] INFO  o.a.m.s.f.DefaultMavenResourcesFiltering - Copying 0 resource from src\main\resources to target\classes
2025-06-27 15:47:23,768 [Worker-12: Building] INFO  o.a.m.s.f.DefaultMavenResourcesFiltering - skip non existing resourceDirectory D:\Jag\harman_training\Training\microservices\circuit-breaker-demo\src\test\resources
2025-06-27 15:47:25,019 [Worker-4: Building] INFO  o.a.m.s.f.DefaultMavenResourcesFiltering - Copying 1 resource from src\main\resources to target\classes
2025-06-27 15:47:25,040 [Worker-4: Building] INFO  o.a.m.s.f.DefaultMavenResourcesFiltering - Copying 0 resource from src\main\resources to target\classes
2025-06-27 15:47:25,047 [Worker-4: Building] INFO  o.a.m.s.f.DefaultMavenResourcesFiltering - skip non existing resourceDirectory D:\Jag\harman_training\Training\microservices\circuit-breaker-demo\src\test\resources
2025-06-27 15:47:38,014 [Worker-10: Building] INFO  o.a.m.s.f.DefaultMavenResourcesFiltering - Copying 1 resource from src\main\resources to target\classes
2025-06-27 15:47:38,018 [Worker-10: Building] INFO  o.a.m.s.f.DefaultMavenResourcesFiltering - Copying 0 resource from src\main\resources to target\classes
2025-06-27 15:47:38,020 [Worker-10: Building] INFO  o.a.m.s.f.DefaultMavenResourcesFiltering - skip non existing resourceDirectory D:\Jag\harman_training\Training\microservices\circuit-breaker-demo\src\test\resources
2025-06-27 15:48:15,248 [Worker-9: Building] INFO  o.a.m.s.f.DefaultMavenResourcesFiltering - Copying 1 resource from src\main\resources to target\classes
2025-06-27 15:48:15,254 [Worker-9: Building] INFO  o.a.m.s.f.DefaultMavenResourcesFiltering - Copying 0 resource from src\main\resources to target\classes
2025-06-27 15:48:15,256 [Worker-9: Building] INFO  o.a.m.s.f.DefaultMavenResourcesFiltering - skip non existing resourceDirectory D:\Jag\harman_training\Training\microservices\circuit-breaker-demo\src\test\resources
2025-06-27 15:48:52,905 [Worker-12: Building] INFO  o.a.m.s.f.DefaultMavenResourcesFiltering - Copying 1 resource from src\main\resources to target\classes
2025-06-27 15:48:52,910 [Worker-12: Building] INFO  o.a.m.s.f.DefaultMavenResourcesFiltering - Copying 0 resource from src\main\resources to target\classes
2025-06-27 15:48:52,913 [Worker-12: Building] INFO  o.a.m.s.f.DefaultMavenResourcesFiltering - skip non existing resourceDirectory D:\Jag\harman_training\Training\microservices\circuit-breaker-demo\src\test\resources
2025-06-27 15:50:05,170 [Worker-15: Building] INFO  o.a.m.s.f.DefaultMavenResourcesFiltering - Copying 1 resource from src\main\resources to target\classes
2025-06-27 15:50:05,175 [Worker-15: Building] INFO  o.a.m.s.f.DefaultMavenResourcesFiltering - Copying 0 resource from src\main\resources to target\classes
2025-06-27 15:50:05,178 [Worker-15: Building] INFO  o.a.m.s.f.DefaultMavenResourcesFiltering - skip non existing resourceDirectory D:\Jag\harman_training\Training\microservices\circuit-breaker-demo\src\test\resources
2025-06-27 15:51:31,193 [Worker-13: Building] INFO  o.a.m.s.f.DefaultMavenResourcesFiltering - Copying 1 resource from src\main\resources to target\classes
2025-06-27 15:51:31,218 [Worker-13: Building] INFO  o.a.m.s.f.DefaultMavenResourcesFiltering - Copying 0 resource from src\main\resources to target\classes
2025-06-27 15:51:31,220 [Worker-13: Building] INFO  o.a.m.s.f.DefaultMavenResourcesFiltering - skip non existing resourceDirectory D:\Jag\harman_training\Training\microservices\circuit-breaker-demo\src\test\resources
2025-06-27 15:52:42,678 [Worker-4: Building] INFO  o.e.m.c.i.l.LifecycleMappingFactory - Using org.eclipse.m2e.jdt.JarLifecycleMapping lifecycle mapping for MavenProject: com.harman.demo:circuit-breaker-demo:0.0.1-SNAPSHOT @ D:\Jag\harman_training\Training\microservices\circuit-breaker-demo\pom.xml.
2025-06-27 15:52:42,908 [Worker-4: Building] INFO  o.e.m.c.i.e.AbstractTransferListenerAdapter - Downloading https://repo.maven.apache.org/maven2/io/github/resilience4j/resilience4j-bulkhead/2.2.0/resilience4j-bulkhead-2.2.0.pom
2025-06-27 15:52:42,915 [Worker-4: Building] INFO  o.e.m.c.i.e.AbstractTransferListenerAdapter - Downloaded https://repo.maven.apache.org/maven2/io/github/resilience4j/resilience4j-bulkhead/2.2.0/resilience4j-bulkhead-2.2.0.pom
2025-06-27 15:52:43,143 [Worker-4: Building] INFO  o.e.m.c.i.e.AbstractTransferListenerAdapter - Downloading https://repo.maven.apache.org/maven2/io/github/resilience4j/resilience4j-bulkhead/2.2.0/resilience4j-bulkhead-2.2.0.jar
2025-06-27 15:52:43,167 [Worker-4: Building] INFO  o.e.m.c.i.e.AbstractTransferListenerAdapter - Downloaded https://repo.maven.apache.org/maven2/io/github/resilience4j/resilience4j-bulkhead/2.2.0/resilience4j-bulkhead-2.2.0.jar
2025-06-27 15:52:43,569 [Worker-4: Building] INFO  o.a.m.s.f.DefaultMavenResourcesFiltering - Copying 0 resource from src\main\resources to target\classes
2025-06-27 15:52:43,570 [Worker-4: Building] INFO  o.a.m.s.f.DefaultMavenResourcesFiltering - Copying 0 resource from src\main\resources to target\classes
2025-06-27 15:52:43,575 [Worker-4: Building] INFO  o.a.m.s.f.DefaultMavenResourcesFiltering - skip non existing resourceDirectory D:\Jag\harman_training\Training\microservices\circuit-breaker-demo\src\test\resources
2025-06-27 15:52:44,405 [Worker-9: Download sources and javadoc] INFO  o.e.m.c.i.e.AbstractTransferListenerAdapter - Downloading https://repo.maven.apache.org/maven2/io/github/resilience4j/resilience4j-bulkhead/2.2.0/resilience4j-bulkhead-2.2.0-sources.jar
2025-06-27 15:52:44,415 [Worker-9: Download sources and javadoc] INFO  o.e.m.c.i.e.AbstractTransferListenerAdapter - Downloaded https://repo.maven.apache.org/maven2/io/github/resilience4j/resilience4j-bulkhead/2.2.0/resilience4j-bulkhead-2.2.0-sources.jar
2025-06-27 15:52:44,418 [Worker-9: Download sources and javadoc] INFO  o.e.m.j.internal.DownloadSourcesJob - Downloaded sources for io.github.resilience4j:resilience4j-bulkhead:2.2.0
2025-06-27 15:52:45,172 [Worker-8: Building] INFO  o.a.m.s.f.DefaultMavenResourcesFiltering - Copying 1 resource from src\main\resources to target\classes
2025-06-27 15:52:45,194 [Worker-8: Building] INFO  o.a.m.s.f.DefaultMavenResourcesFiltering - Copying 0 resource from src\main\resources to target\classes
2025-06-27 15:52:45,198 [Worker-8: Building] INFO  o.a.m.s.f.DefaultMavenResourcesFiltering - skip non existing resourceDirectory D:\Jag\harman_training\Training\microservices\circuit-breaker-demo\src\test\resources
2025-06-27 15:53:29,813 [Worker-9: Building] INFO  o.e.m.c.i.l.LifecycleMappingFactory - Using org.eclipse.m2e.jdt.JarLifecycleMapping lifecycle mapping for MavenProject: com.harman.demo:circuit-breaker-demo:0.0.1-SNAPSHOT @ D:\Jag\harman_training\Training\microservices\circuit-breaker-demo\pom.xml.
2025-06-27 15:53:30,558 [Worker-9: Building] INFO  o.a.m.s.f.DefaultMavenResourcesFiltering - Copying 0 resource from src\main\resources to target\classes
2025-06-27 15:53:30,558 [Worker-9: Building] INFO  o.a.m.s.f.DefaultMavenResourcesFiltering - Copying 0 resource from src\main\resources to target\classes
2025-06-27 15:53:30,563 [Worker-9: Building] INFO  o.a.m.s.f.DefaultMavenResourcesFiltering - skip non existing resourceDirectory D:\Jag\harman_training\Training\microservices\circuit-breaker-demo\src\test\resources
2025-06-27 15:53:31,920 [Worker-4: Building] INFO  o.a.m.s.f.DefaultMavenResourcesFiltering - Copying 1 resource from src\main\resources to target\classes
2025-06-27 15:53:31,946 [Worker-4: Building] INFO  o.a.m.s.f.DefaultMavenResourcesFiltering - Copying 0 resource from src\main\resources to target\classes
2025-06-27 15:53:31,950 [Worker-4: Building] INFO  o.a.m.s.f.DefaultMavenResourcesFiltering - skip non existing resourceDirectory D:\Jag\harman_training\Training\microservices\circuit-breaker-demo\src\test\resources
2025-06-27 16:16:58,912 [Worker-8: Import Getting Started Content] INFO  o.e.m.c.i.l.LifecycleMappingFactory - Using org.eclipse.m2e.jdt.JarLifecycleMapping lifecycle mapping for MavenProject: com.harman.demo:service-1:0.0.1-SNAPSHOT @ D:\Jag\harman_training\Training\microservices\service-1\pom.xml.
2025-06-27 16:16:59,127 [Worker-8: Import Getting Started Content] INFO  o.e.m.c.i.e.AbstractTransferListenerAdapter - Downloading https://repo.maven.apache.org/maven2/org/springframework/cloud/spring-cloud-starter-netflix-eureka-client/4.3.0/spring-cloud-starter-netflix-eureka-client-4.3.0.pom
2025-06-27 16:16:59,133 [Worker-8: Import Getting Started Content] INFO  o.e.m.c.i.e.AbstractTransferListenerAdapter - Downloaded https://repo.maven.apache.org/maven2/org/springframework/cloud/spring-cloud-starter-netflix-eureka-client/4.3.0/spring-cloud-starter-netflix-eureka-client-4.3.0.pom
2025-06-27 16:16:59,158 [Worker-8: Import Getting Started Content] INFO  o.e.m.c.i.e.AbstractTransferListenerAdapter - Downloading https://repo.maven.apache.org/maven2/org/springframework/cloud/spring-cloud-netflix/4.3.0/spring-cloud-netflix-4.3.0.pom
2025-06-27 16:16:59,162 [Worker-8: Import Getting Started Content] INFO  o.e.m.c.i.e.AbstractTransferListenerAdapter - Downloaded https://repo.maven.apache.org/maven2/org/springframework/cloud/spring-cloud-netflix/4.3.0/spring-cloud-netflix-4.3.0.pom
2025-06-27 16:16:59,266 [Worker-8: Import Getting Started Content] INFO  o.e.m.c.i.e.AbstractTransferListenerAdapter - Downloading https://repo.maven.apache.org/maven2/org/springframework/cloud/spring-cloud-netflix-eureka-client/4.3.0/spring-cloud-netflix-eureka-client-4.3.0.pom
2025-06-27 16:16:59,270 [Worker-8: Import Getting Started Content] INFO  o.e.m.c.i.e.AbstractTransferListenerAdapter - Downloaded https://repo.maven.apache.org/maven2/org/springframework/cloud/spring-cloud-netflix-eureka-client/4.3.0/spring-cloud-netflix-eureka-client-4.3.0.pom
2025-06-27 16:16:59,333 [Worker-8: Import Getting Started Content] INFO  o.e.m.c.i.e.AbstractTransferListenerAdapter - Downloading https://repo.maven.apache.org/maven2/commons-codec/commons-codec/1.18.0/commons-codec-1.18.0.pom
2025-06-27 16:16:59,340 [Worker-8: Import Getting Started Content] INFO  o.e.m.c.i.e.AbstractTransferListenerAdapter - Downloaded https://repo.maven.apache.org/maven2/commons-codec/commons-codec/1.18.0/commons-codec-1.18.0.pom
2025-06-27 16:16:59,362 [Worker-8: Import Getting Started Content] INFO  o.e.m.c.i.e.AbstractTransferListenerAdapter - Downloading https://repo.maven.apache.org/maven2/org/apache/commons/commons-parent/79/commons-parent-79.pom
2025-06-27 16:16:59,387 [Worker-8: Import Getting Started Content] INFO  o.e.m.c.i.e.AbstractTransferListenerAdapter - Downloaded https://repo.maven.apache.org/maven2/org/apache/commons/commons-parent/79/commons-parent-79.pom
2025-06-27 16:16:59,461 [Worker-8: Import Getting Started Content] INFO  o.e.m.c.i.e.AbstractTransferListenerAdapter - Downloading https://repo.maven.apache.org/maven2/com/google/code/gson/gson/2.13.1/gson-2.13.1.pom
2025-06-27 16:16:59,464 [Worker-8: Import Getting Started Content] INFO  o.e.m.c.i.e.AbstractTransferListenerAdapter - Downloaded https://repo.maven.apache.org/maven2/com/google/code/gson/gson/2.13.1/gson-2.13.1.pom
2025-06-27 16:16:59,492 [Worker-8: Import Getting Started Content] INFO  o.e.m.c.i.e.AbstractTransferListenerAdapter - Downloading https://repo.maven.apache.org/maven2/com/google/code/gson/gson-parent/2.13.1/gson-parent-2.13.1.pom
2025-06-27 16:16:59,496 [Worker-8: Import Getting Started Content] INFO  o.e.m.c.i.e.AbstractTransferListenerAdapter - Downloaded https://repo.maven.apache.org/maven2/com/google/code/gson/gson-parent/2.13.1/gson-parent-2.13.1.pom
2025-06-27 16:16:59,516 [Worker-8: Import Getting Started Content] INFO  o.e.m.c.i.e.AbstractTransferListenerAdapter - Downloading https://repo.maven.apache.org/maven2/com/google/errorprone/error_prone_annotations/2.38.0/error_prone_annotations-2.38.0.pom
2025-06-27 16:16:59,519 [Worker-8: Import Getting Started Content] INFO  o.e.m.c.i.e.AbstractTransferListenerAdapter - Downloaded https://repo.maven.apache.org/maven2/com/google/errorprone/error_prone_annotations/2.38.0/error_prone_annotations-2.38.0.pom
2025-06-27 16:16:59,540 [Worker-8: Import Getting Started Content] INFO  o.e.m.c.i.e.AbstractTransferListenerAdapter - Downloading https://repo.maven.apache.org/maven2/com/google/errorprone/error_prone_parent/2.38.0/error_prone_parent-2.38.0.pom
2025-06-27 16:16:59,544 [Worker-8: Import Getting Started Content] INFO  o.e.m.c.i.e.AbstractTransferListenerAdapter - Downloaded https://repo.maven.apache.org/maven2/com/google/errorprone/error_prone_parent/2.38.0/error_prone_parent-2.38.0.pom
2025-06-27 16:16:59,580 [Worker-8: Import Getting Started Content] INFO  o.e.m.c.i.e.AbstractTransferListenerAdapter - Downloading https://repo.maven.apache.org/maven2/org/apache/httpcomponents/client5/httpclient5/5.5/httpclient5-5.5.pom
2025-06-27 16:16:59,586 [Worker-8: Import Getting Started Content] INFO  o.e.m.c.i.e.AbstractTransferListenerAdapter - Downloaded https://repo.maven.apache.org/maven2/org/apache/httpcomponents/client5/httpclient5/5.5/httpclient5-5.5.pom
2025-06-27 16:16:59,608 [Worker-8: Import Getting Started Content] INFO  o.e.m.c.i.e.AbstractTransferListenerAdapter - Downloading https://repo.maven.apache.org/maven2/org/apache/httpcomponents/client5/httpclient5-parent/5.5/httpclient5-parent-5.5.pom
2025-06-27 16:16:59,612 [Worker-8: Import Getting Started Content] INFO  o.e.m.c.i.e.AbstractTransferListenerAdapter - Downloaded https://repo.maven.apache.org/maven2/org/apache/httpcomponents/client5/httpclient5-parent/5.5/httpclient5-parent-5.5.pom
2025-06-27 16:16:59,635 [Worker-8: Import Getting Started Content] INFO  o.e.m.c.i.e.AbstractTransferListenerAdapter - Downloading https://repo.maven.apache.org/maven2/org/apache/httpcomponents/httpcomponents-parent/14/httpcomponents-parent-14.pom
2025-06-27 16:16:59,639 [Worker-8: Import Getting Started Content] INFO  o.e.m.c.i.e.AbstractTransferListenerAdapter - Downloaded https://repo.maven.apache.org/maven2/org/apache/httpcomponents/httpcomponents-parent/14/httpcomponents-parent-14.pom
2025-06-27 16:16:59,662 [Worker-8: Import Getting Started Content] INFO  o.e.m.c.i.e.AbstractTransferListenerAdapter - Downloading https://repo.maven.apache.org/maven2/org/apache/httpcomponents/core5/httpcore5/5.3.4/httpcore5-5.3.4.pom
2025-06-27 16:16:59,664 [Worker-8: Import Getting Started Content] INFO  o.e.m.c.i.e.AbstractTransferListenerAdapter - Downloaded https://repo.maven.apache.org/maven2/org/apache/httpcomponents/core5/httpcore5/5.3.4/httpcore5-5.3.4.pom
2025-06-27 16:16:59,692 [Worker-8: Import Getting Started Content] INFO  o.e.m.c.i.e.AbstractTransferListenerAdapter - Downloading https://repo.maven.apache.org/maven2/org/apache/httpcomponents/core5/httpcore5-parent/5.3.4/httpcore5-parent-5.3.4.pom
2025-06-27 16:16:59,695 [Worker-8: Import Getting Started Content] INFO  o.e.m.c.i.e.AbstractTransferListenerAdapter - Downloaded https://repo.maven.apache.org/maven2/org/apache/httpcomponents/core5/httpcore5-parent/5.3.4/httpcore5-parent-5.3.4.pom
2025-06-27 16:16:59,721 [Worker-8: Import Getting Started Content] INFO  o.e.m.c.i.e.AbstractTransferListenerAdapter - Downloading https://repo.maven.apache.org/maven2/org/apache/httpcomponents/core5/httpcore5-h2/5.3.4/httpcore5-h2-5.3.4.pom
2025-06-27 16:16:59,724 [Worker-8: Import Getting Started Content] INFO  o.e.m.c.i.e.AbstractTransferListenerAdapter - Downloaded https://repo.maven.apache.org/maven2/org/apache/httpcomponents/core5/httpcore5-h2/5.3.4/httpcore5-h2-5.3.4.pom
2025-06-27 16:16:59,746 [Worker-8: Import Getting Started Content] INFO  o.e.m.c.i.e.AbstractTransferListenerAdapter - Downloading https://repo.maven.apache.org/maven2/org/springframework/cloud/spring-cloud-starter-loadbalancer/4.3.0/spring-cloud-starter-loadbalancer-4.3.0.pom
2025-06-27 16:16:59,749 [Worker-8: Import Getting Started Content] INFO  o.e.m.c.i.e.AbstractTransferListenerAdapter - Downloaded https://repo.maven.apache.org/maven2/org/springframework/cloud/spring-cloud-starter-loadbalancer/4.3.0/spring-cloud-starter-loadbalancer-4.3.0.pom
2025-06-27 16:16:59,773 [Worker-8: Import Getting Started Content] INFO  o.e.m.c.i.e.AbstractTransferListenerAdapter - Downloading https://repo.maven.apache.org/maven2/org/springframework/cloud/spring-cloud-loadbalancer/4.3.0/spring-cloud-loadbalancer-4.3.0.pom
2025-06-27 16:16:59,776 [Worker-8: Import Getting Started Content] INFO  o.e.m.c.i.e.AbstractTransferListenerAdapter - Downloaded https://repo.maven.apache.org/maven2/org/springframework/cloud/spring-cloud-loadbalancer/4.3.0/spring-cloud-loadbalancer-4.3.0.pom
2025-06-27 16:16:59,798 [Worker-8: Import Getting Started Content] INFO  o.e.m.c.i.e.AbstractTransferListenerAdapter - Downloading https://repo.maven.apache.org/maven2/io/projectreactor/reactor-core/3.7.7/reactor-core-3.7.7.pom
2025-06-27 16:16:59,801 [Worker-8: Import Getting Started Content] INFO  o.e.m.c.i.e.AbstractTransferListenerAdapter - Downloaded https://repo.maven.apache.org/maven2/io/projectreactor/reactor-core/3.7.7/reactor-core-3.7.7.pom
2025-06-27 16:16:59,826 [Worker-8: Import Getting Started Content] INFO  o.e.m.c.i.e.AbstractTransferListenerAdapter - Downloading https://repo.maven.apache.org/maven2/org/springframework/boot/spring-boot-starter-cache/3.5.3/spring-boot-starter-cache-3.5.3.pom
2025-06-27 16:16:59,829 [Worker-8: Import Getting Started Content] INFO  o.e.m.c.i.e.AbstractTransferListenerAdapter - Downloaded https://repo.maven.apache.org/maven2/org/springframework/boot/spring-boot-starter-cache/3.5.3/spring-boot-starter-cache-3.5.3.pom
2025-06-27 16:16:59,848 [Worker-8: Import Getting Started Content] INFO  o.e.m.c.i.e.AbstractTransferListenerAdapter - Downloading https://repo.maven.apache.org/maven2/org/springframework/spring-context-support/6.2.8/spring-context-support-6.2.8.pom
2025-06-27 16:16:59,851 [Worker-8: Import Getting Started Content] INFO  o.e.m.c.i.e.AbstractTransferListenerAdapter - Downloaded https://repo.maven.apache.org/maven2/org/springframework/spring-context-support/6.2.8/spring-context-support-6.2.8.pom
2025-06-27 16:17:00,017 [Worker-8: Import Getting Started Content] INFO  o.e.m.c.i.e.AbstractTransferListenerAdapter - Downloading https://repo.maven.apache.org/maven2/org/springframework/cloud/spring-cloud-starter-netflix-eureka-client/4.3.0/spring-cloud-starter-netflix-eureka-client-4.3.0.jar
2025-06-27 16:17:00,021 [Worker-8: Import Getting Started Content] INFO  o.e.m.c.i.e.AbstractTransferListenerAdapter - Downloaded https://repo.maven.apache.org/maven2/org/springframework/cloud/spring-cloud-starter-netflix-eureka-client/4.3.0/spring-cloud-starter-netflix-eureka-client-4.3.0.jar
2025-06-27 16:17:00,038 [BasicRepositoryConnector-repo.maven.apache.org-0-1] INFO  o.e.m.c.i.e.AbstractTransferListenerAdapter - Downloading https://repo.maven.apache.org/maven2/org/apache/httpcomponents/client5/httpclient5/5.5/httpclient5-5.5.jar
2025-06-27 16:17:00,101 [BasicRepositoryConnector-repo.maven.apache.org-0-2] INFO  o.e.m.c.i.e.AbstractTransferListenerAdapter - Downloading https://repo.maven.apache.org/maven2/org/apache/httpcomponents/core5/httpcore5/5.3.4/httpcore5-5.3.4.jar
2025-06-27 16:17:00,103 [BasicRepositoryConnector-repo.maven.apache.org-0-4] INFO  o.e.m.c.i.e.AbstractTransferListenerAdapter - Downloading https://repo.maven.apache.org/maven2/commons-codec/commons-codec/1.18.0/commons-codec-1.18.0.jar
2025-06-27 16:17:00,103 [BasicRepositoryConnector-repo.maven.apache.org-0-0] INFO  o.e.m.c.i.e.AbstractTransferListenerAdapter - Downloading https://repo.maven.apache.org/maven2/org/springframework/cloud/spring-cloud-netflix-eureka-client/4.3.0/spring-cloud-netflix-eureka-client-4.3.0.jar
2025-06-27 16:17:00,105 [BasicRepositoryConnector-repo.maven.apache.org-0-3] INFO  o.e.m.c.i.e.AbstractTransferListenerAdapter - Downloading https://repo.maven.apache.org/maven2/org/apache/httpcomponents/core5/httpcore5-h2/5.3.4/httpcore5-h2-5.3.4.jar
2025-06-27 16:17:00,164 [BasicRepositoryConnector-repo.maven.apache.org-0-0] INFO  o.e.m.c.i.e.AbstractTransferListenerAdapter - Downloaded https://repo.maven.apache.org/maven2/org/springframework/cloud/spring-cloud-netflix-eureka-client/4.3.0/spring-cloud-netflix-eureka-client-4.3.0.jar
2025-06-27 16:17:00,186 [BasicRepositoryConnector-repo.maven.apache.org-0-0] INFO  o.e.m.c.i.e.AbstractTransferListenerAdapter - Downloading https://repo.maven.apache.org/maven2/com/google/code/gson/gson/2.13.1/gson-2.13.1.jar
2025-06-27 16:17:00,194 [BasicRepositoryConnector-repo.maven.apache.org-0-3] INFO  o.e.m.c.i.e.AbstractTransferListenerAdapter - Downloaded https://repo.maven.apache.org/maven2/org/apache/httpcomponents/core5/httpcore5-h2/5.3.4/httpcore5-h2-5.3.4.jar
2025-06-27 16:17:00,212 [BasicRepositoryConnector-repo.maven.apache.org-0-3] INFO  o.e.m.c.i.e.AbstractTransferListenerAdapter - Downloading https://repo.maven.apache.org/maven2/com/google/errorprone/error_prone_annotations/2.38.0/error_prone_annotations-2.38.0.jar
2025-06-27 16:17:00,221 [BasicRepositoryConnector-repo.maven.apache.org-0-3] INFO  o.e.m.c.i.e.AbstractTransferListenerAdapter - Downloaded https://repo.maven.apache.org/maven2/com/google/errorprone/error_prone_annotations/2.38.0/error_prone_annotations-2.38.0.jar
2025-06-27 16:17:00,229 [BasicRepositoryConnector-repo.maven.apache.org-0-4] INFO  o.e.m.c.i.e.AbstractTransferListenerAdapter - Downloaded https://repo.maven.apache.org/maven2/commons-codec/commons-codec/1.18.0/commons-codec-1.18.0.jar
2025-06-27 16:17:00,245 [BasicRepositoryConnector-repo.maven.apache.org-0-3] INFO  o.e.m.c.i.e.AbstractTransferListenerAdapter - Downloading https://repo.maven.apache.org/maven2/org/springframework/cloud/spring-cloud-starter-loadbalancer/4.3.0/spring-cloud-starter-loadbalancer-4.3.0.jar
2025-06-27 16:17:00,247 [BasicRepositoryConnector-repo.maven.apache.org-0-4] INFO  o.e.m.c.i.e.AbstractTransferListenerAdapter - Downloading https://repo.maven.apache.org/maven2/org/springframework/cloud/spring-cloud-loadbalancer/4.3.0/spring-cloud-loadbalancer-4.3.0.jar
2025-06-27 16:17:00,247 [BasicRepositoryConnector-repo.maven.apache.org-0-3] INFO  o.e.m.c.i.e.AbstractTransferListenerAdapter - Downloaded https://repo.maven.apache.org/maven2/org/springframework/cloud/spring-cloud-starter-loadbalancer/4.3.0/spring-cloud-starter-loadbalancer-4.3.0.jar
2025-06-27 16:17:00,280 [BasicRepositoryConnector-repo.maven.apache.org-0-3] INFO  o.e.m.c.i.e.AbstractTransferListenerAdapter - Downloading https://repo.maven.apache.org/maven2/io/projectreactor/reactor-core/3.7.7/reactor-core-3.7.7.jar
2025-06-27 16:17:00,286 [BasicRepositoryConnector-repo.maven.apache.org-0-0] INFO  o.e.m.c.i.e.AbstractTransferListenerAdapter - Downloaded https://repo.maven.apache.org/maven2/com/google/code/gson/gson/2.13.1/gson-2.13.1.jar
2025-06-27 16:17:00,304 [BasicRepositoryConnector-repo.maven.apache.org-0-4] INFO  o.e.m.c.i.e.AbstractTransferListenerAdapter - Downloaded https://repo.maven.apache.org/maven2/org/springframework/cloud/spring-cloud-loadbalancer/4.3.0/spring-cloud-loadbalancer-4.3.0.jar
2025-06-27 16:17:00,304 [BasicRepositoryConnector-repo.maven.apache.org-0-0] INFO  o.e.m.c.i.e.AbstractTransferListenerAdapter - Downloading https://repo.maven.apache.org/maven2/org/springframework/boot/spring-boot-starter-cache/3.5.3/spring-boot-starter-cache-3.5.3.jar
2025-06-27 16:17:00,305 [BasicRepositoryConnector-repo.maven.apache.org-0-0] INFO  o.e.m.c.i.e.AbstractTransferListenerAdapter - Downloaded https://repo.maven.apache.org/maven2/org/springframework/boot/spring-boot-starter-cache/3.5.3/spring-boot-starter-cache-3.5.3.jar
2025-06-27 16:17:00,322 [BasicRepositoryConnector-repo.maven.apache.org-0-4] INFO  o.e.m.c.i.e.AbstractTransferListenerAdapter - Downloading https://repo.maven.apache.org/maven2/org/springframework/spring-context-support/6.2.8/spring-context-support-6.2.8.jar
2025-06-27 16:17:00,329 [BasicRepositoryConnector-repo.maven.apache.org-0-1] INFO  o.e.m.c.i.e.AbstractTransferListenerAdapter - Downloaded https://repo.maven.apache.org/maven2/org/apache/httpcomponents/client5/httpclient5/5.5/httpclient5-5.5.jar
2025-06-27 16:17:00,362 [BasicRepositoryConnector-repo.maven.apache.org-0-4] INFO  o.e.m.c.i.e.AbstractTransferListenerAdapter - Downloaded https://repo.maven.apache.org/maven2/org/springframework/spring-context-support/6.2.8/spring-context-support-6.2.8.jar
2025-06-27 16:17:00,384 [BasicRepositoryConnector-repo.maven.apache.org-0-2] INFO  o.e.m.c.i.e.AbstractTransferListenerAdapter - Downloaded https://repo.maven.apache.org/maven2/org/apache/httpcomponents/core5/httpcore5/5.3.4/httpcore5-5.3.4.jar
2025-06-27 16:17:00,746 [BasicRepositoryConnector-repo.maven.apache.org-0-3] INFO  o.e.m.c.i.e.AbstractTransferListenerAdapter - Downloaded https://repo.maven.apache.org/maven2/io/projectreactor/reactor-core/3.7.7/reactor-core-3.7.7.jar
2025-06-27 16:17:01,047 [Worker-8: Import Getting Started Content] INFO  o.e.m.j.i.AbstractJavaProjectConfigurator - Adding source folder /service-1/src/main/java
2025-06-27 16:17:01,047 [Worker-8: Import Getting Started Content] INFO  o.e.m.j.i.AbstractJavaProjectConfigurator - Adding resource folder /service-1/src/main/resources
2025-06-27 16:17:01,050 [Worker-8: Import Getting Started Content] INFO  o.e.m.j.i.AbstractJavaProjectConfigurator - Adding resource folder /service-1/src/main/resources
2025-06-27 16:17:01,052 [Worker-8: Import Getting Started Content] INFO  o.e.m.j.i.AbstractJavaProjectConfigurator - Adding source folder /service-1/src/test/java
2025-06-27 16:17:01,052 [Worker-8: Import Getting Started Content] INFO  o.e.m.j.i.AbstractJavaProjectConfigurator - Adding resource folder /service-1/src/test/resources
2025-06-27 16:17:01,393 [Worker-8: Import Getting Started Content] INFO  o.e.m.c.i.p.ProjectConfigurationManager - Imported and configured 1 project(s) in 2 sec
2025-06-27 16:17:01,394 [Worker-8: Import Getting Started Content] INFO  o.e.m.c.i.p.ProjectConfigurationManager - Update started
2025-06-27 16:17:01,701 [Worker-8: Import Getting Started Content] INFO  o.e.m.c.i.l.LifecycleMappingFactory - Using org.eclipse.m2e.jdt.JarLifecycleMapping lifecycle mapping for MavenProject: com.harman.demo:service-1:0.0.1-SNAPSHOT @ D:\Jag\harman_training\Training\microservices\service-1\pom.xml.
2025-06-27 16:17:01,921 [Worker-9: Download sources and javadoc] INFO  o.e.m.c.i.e.AbstractTransferListenerAdapter - Downloaded https://repo.maven.apache.org/maven2/org/springframework/cloud/spring-cloud-starter-netflix-eureka-client/4.3.0/spring-cloud-starter-netflix-eureka-client-4.3.0-sources.jar
2025-06-27 16:17:01,924 [Worker-9: Download sources and javadoc] ERROR o.e.m.j.internal.DownloadSourcesJob - Could not download sources for org.springframework.cloud:spring-cloud-starter-netflix-eureka-client:4.3.0
org.eclipse.core.runtime.CoreException: Could not resolve artifact org.springframework.cloud:spring-cloud-starter-netflix-eureka-client:jar:sources:4.3.0
	at org.eclipse.m2e.core.internal.embedder.MavenImpl.lambda$7(MavenImpl.java:540)
	at org.eclipse.m2e.core.internal.embedder.MavenExecutionContext.executeBare(MavenExecutionContext.java:458)
	at org.eclipse.m2e.core.internal.embedder.MavenExecutionContext.execute(MavenExecutionContext.java:292)
	at org.eclipse.m2e.core.internal.embedder.MavenExecutionContext.execute(MavenExecutionContext.java:278)
	at org.eclipse.m2e.core.internal.embedder.MavenImpl.resolve(MavenImpl.java:509)
	at org.eclipse.m2e.core.internal.embedder.MavenImpl.resolve(MavenImpl.java:494)
	at org.eclipse.m2e.jdt.internal.DownloadSourcesJob.download(DownloadSourcesJob.java:308)
	at org.eclipse.m2e.jdt.internal.DownloadSourcesJob.downloadAttachments(DownloadSourcesJob.java:282)
	at org.eclipse.m2e.jdt.internal.DownloadSourcesJob.downloadMaven(DownloadSourcesJob.java:252)
	at org.eclipse.m2e.jdt.internal.DownloadSourcesJob.downloadFilesAndPopulateToUpdate(DownloadSourcesJob.java:220)
	at org.eclipse.m2e.jdt.internal.DownloadSourcesJob.lambda$0(DownloadSourcesJob.java:149)
	at org.eclipse.m2e.core.internal.embedder.MavenExecutionContext.executeBare(MavenExecutionContext.java:458)
	at org.eclipse.m2e.core.internal.embedder.MavenExecutionContext.execute(MavenExecutionContext.java:339)
	at org.eclipse.m2e.core.internal.embedder.MavenExecutionContext.execute(MavenExecutionContext.java:278)
	at org.eclipse.m2e.core.embedder.IMaven.execute(IMaven.java:300)
	at org.eclipse.m2e.jdt.internal.DownloadSourcesJob.run(DownloadSourcesJob.java:149)
	at org.eclipse.core.internal.jobs.Worker.run(Worker.java:63)
2025-06-27 16:17:02,016 [Worker-9: Download sources and javadoc] INFO  o.e.m.c.i.e.AbstractTransferListenerAdapter - Downloading https://repo.maven.apache.org/maven2/org/springframework/cloud/spring-cloud-netflix-eureka-client/4.3.0/spring-cloud-netflix-eureka-client-4.3.0-sources.jar
2025-06-27 16:17:02,038 [Worker-9: Download sources and javadoc] INFO  o.e.m.c.i.e.AbstractTransferListenerAdapter - Downloaded https://repo.maven.apache.org/maven2/org/springframework/cloud/spring-cloud-netflix-eureka-client/4.3.0/spring-cloud-netflix-eureka-client-4.3.0-sources.jar
2025-06-27 16:17:02,041 [Worker-9: Download sources and javadoc] INFO  o.e.m.j.internal.DownloadSourcesJob - Downloaded sources for org.springframework.cloud:spring-cloud-netflix-eureka-client:4.3.0
2025-06-27 16:17:02,109 [Worker-9: Download sources and javadoc] INFO  o.e.m.c.i.e.AbstractTransferListenerAdapter - Downloading https://repo.maven.apache.org/maven2/org/apache/httpcomponents/client5/httpclient5/5.5/httpclient5-5.5-sources.jar
2025-06-27 16:17:02,276 [Worker-8: Import Getting Started Content] INFO  o.e.m.j.i.AbstractJavaProjectConfigurator - Adding source folder /service-1/src/main/java
2025-06-27 16:17:02,277 [Worker-8: Import Getting Started Content] INFO  o.e.m.j.i.AbstractJavaProjectConfigurator - Adding resource folder /service-1/src/main/resources
2025-06-27 16:17:02,277 [Worker-8: Import Getting Started Content] INFO  o.e.m.j.i.AbstractJavaProjectConfigurator - Adding resource folder /service-1/src/main/resources
2025-06-27 16:17:02,277 [Worker-8: Import Getting Started Content] INFO  o.e.m.j.i.AbstractJavaProjectConfigurator - Adding source folder /service-1/src/test/java
2025-06-27 16:17:02,278 [Worker-8: Import Getting Started Content] INFO  o.e.m.j.i.AbstractJavaProjectConfigurator - Adding resource folder /service-1/src/test/resources
2025-06-27 16:17:02,325 [Worker-9: Download sources and javadoc] INFO  o.e.m.c.i.e.AbstractTransferListenerAdapter - Downloaded https://repo.maven.apache.org/maven2/org/apache/httpcomponents/client5/httpclient5/5.5/httpclient5-5.5-sources.jar
2025-06-27 16:17:02,329 [Worker-9: Download sources and javadoc] INFO  o.e.m.j.internal.DownloadSourcesJob - Downloaded sources for org.apache.httpcomponents.client5:httpclient5:5.5
2025-06-27 16:17:02,395 [Worker-9: Download sources and javadoc] INFO  o.e.m.c.i.e.AbstractTransferListenerAdapter - Downloading https://repo.maven.apache.org/maven2/org/apache/httpcomponents/core5/httpcore5/5.3.4/httpcore5-5.3.4-sources.jar
2025-06-27 16:17:02,590 [Worker-8: Import Getting Started Content] INFO  o.e.m.c.i.p.ProjectConfigurationManager - Update completed for 1 poms: local refresh takes 0.00 sec, refresh facades takes 0.00 sec, update config takes 0.00 sec 
2025-06-27 16:17:02,620 [Worker-9: Download sources and javadoc] INFO  o.e.m.c.i.e.AbstractTransferListenerAdapter - Downloaded https://repo.maven.apache.org/maven2/org/apache/httpcomponents/core5/httpcore5/5.3.4/httpcore5-5.3.4-sources.jar
2025-06-27 16:17:02,623 [Worker-9: Download sources and javadoc] INFO  o.e.m.j.internal.DownloadSourcesJob - Downloaded sources for org.apache.httpcomponents.core5:httpcore5:5.3.4
2025-06-27 16:17:02,679 [Worker-9: Download sources and javadoc] INFO  o.e.m.c.i.e.AbstractTransferListenerAdapter - Downloading https://repo.maven.apache.org/maven2/org/apache/httpcomponents/core5/httpcore5-h2/5.3.4/httpcore5-h2-5.3.4-sources.jar
2025-06-27 16:17:02,743 [Worker-9: Download sources and javadoc] INFO  o.e.m.c.i.e.AbstractTransferListenerAdapter - Downloaded https://repo.maven.apache.org/maven2/org/apache/httpcomponents/core5/httpcore5-h2/5.3.4/httpcore5-h2-5.3.4-sources.jar
2025-06-27 16:17:02,746 [Worker-9: Download sources and javadoc] INFO  o.e.m.j.internal.DownloadSourcesJob - Downloaded sources for org.apache.httpcomponents.core5:httpcore5-h2:5.3.4
2025-06-27 16:17:02,816 [Worker-9: Download sources and javadoc] INFO  o.e.m.c.i.e.AbstractTransferListenerAdapter - Downloading https://repo.maven.apache.org/maven2/commons-codec/commons-codec/1.18.0/commons-codec-1.18.0-sources.jar
2025-06-27 16:17:02,919 [Worker-9: Download sources and javadoc] INFO  o.e.m.c.i.e.AbstractTransferListenerAdapter - Downloaded https://repo.maven.apache.org/maven2/commons-codec/commons-codec/1.18.0/commons-codec-1.18.0-sources.jar
2025-06-27 16:17:02,924 [Worker-9: Download sources and javadoc] INFO  o.e.m.j.internal.DownloadSourcesJob - Downloaded sources for commons-codec:commons-codec:1.18.0
2025-06-27 16:17:02,973 [Worker-6: Building] INFO  o.a.m.s.f.DefaultMavenResourcesFiltering - Copying 1 resource from src\main\resources to target\classes
2025-06-27 16:17:02,986 [Worker-9: Download sources and javadoc] INFO  o.e.m.c.i.e.AbstractTransferListenerAdapter - Downloading https://repo.maven.apache.org/maven2/com/google/code/gson/gson/2.13.1/gson-2.13.1-sources.jar
2025-06-27 16:17:03,000 [Worker-6: Building] INFO  o.a.m.s.f.DefaultMavenResourcesFiltering - Copying 0 resource from src\main\resources to target\classes
2025-06-27 16:17:03,008 [Worker-6: Building] INFO  o.a.m.s.f.DefaultMavenResourcesFiltering - skip non existing resourceDirectory D:\Jag\harman_training\Training\microservices\service-1\src\test\resources
2025-06-27 16:17:03,048 [Worker-9: Download sources and javadoc] INFO  o.e.m.c.i.e.AbstractTransferListenerAdapter - Downloaded https://repo.maven.apache.org/maven2/com/google/code/gson/gson/2.13.1/gson-2.13.1-sources.jar
2025-06-27 16:17:03,053 [Worker-9: Download sources and javadoc] INFO  o.e.m.j.internal.DownloadSourcesJob - Downloaded sources for com.google.code.gson:gson:2.13.1
2025-06-27 16:17:03,115 [Worker-9: Download sources and javadoc] INFO  o.e.m.c.i.e.AbstractTransferListenerAdapter - Downloading https://repo.maven.apache.org/maven2/com/google/errorprone/error_prone_annotations/2.38.0/error_prone_annotations-2.38.0-sources.jar
2025-06-27 16:17:03,127 [Worker-9: Download sources and javadoc] INFO  o.e.m.c.i.e.AbstractTransferListenerAdapter - Downloaded https://repo.maven.apache.org/maven2/com/google/errorprone/error_prone_annotations/2.38.0/error_prone_annotations-2.38.0-sources.jar
2025-06-27 16:17:03,134 [Worker-9: Download sources and javadoc] INFO  o.e.m.j.internal.DownloadSourcesJob - Downloaded sources for com.google.errorprone:error_prone_annotations:2.38.0
2025-06-27 16:17:03,197 [Worker-9: Download sources and javadoc] INFO  o.e.m.c.i.e.AbstractTransferListenerAdapter - Downloaded https://repo.maven.apache.org/maven2/org/springframework/cloud/spring-cloud-starter-loadbalancer/4.3.0/spring-cloud-starter-loadbalancer-4.3.0-sources.jar
2025-06-27 16:17:03,202 [Worker-9: Download sources and javadoc] ERROR o.e.m.j.internal.DownloadSourcesJob - Could not download sources for org.springframework.cloud:spring-cloud-starter-loadbalancer:4.3.0
org.eclipse.core.runtime.CoreException: Could not resolve artifact org.springframework.cloud:spring-cloud-starter-loadbalancer:jar:sources:4.3.0
	at org.eclipse.m2e.core.internal.embedder.MavenImpl.lambda$7(MavenImpl.java:540)
	at org.eclipse.m2e.core.internal.embedder.MavenExecutionContext.executeBare(MavenExecutionContext.java:458)
	at org.eclipse.m2e.core.internal.embedder.MavenExecutionContext.execute(MavenExecutionContext.java:292)
	at org.eclipse.m2e.core.internal.embedder.MavenExecutionContext.execute(MavenExecutionContext.java:278)
	at org.eclipse.m2e.core.internal.embedder.MavenImpl.resolve(MavenImpl.java:509)
	at org.eclipse.m2e.core.internal.embedder.MavenImpl.resolve(MavenImpl.java:494)
	at org.eclipse.m2e.jdt.internal.DownloadSourcesJob.download(DownloadSourcesJob.java:308)
	at org.eclipse.m2e.jdt.internal.DownloadSourcesJob.downloadAttachments(DownloadSourcesJob.java:282)
	at org.eclipse.m2e.jdt.internal.DownloadSourcesJob.downloadMaven(DownloadSourcesJob.java:252)
	at org.eclipse.m2e.jdt.internal.DownloadSourcesJob.downloadFilesAndPopulateToUpdate(DownloadSourcesJob.java:220)
	at org.eclipse.m2e.jdt.internal.DownloadSourcesJob.lambda$0(DownloadSourcesJob.java:149)
	at org.eclipse.m2e.core.internal.embedder.MavenExecutionContext.executeBare(MavenExecutionContext.java:458)
	at org.eclipse.m2e.core.internal.embedder.MavenExecutionContext.execute(MavenExecutionContext.java:339)
	at org.eclipse.m2e.core.internal.embedder.MavenExecutionContext.execute(MavenExecutionContext.java:278)
	at org.eclipse.m2e.core.embedder.IMaven.execute(IMaven.java:300)
	at org.eclipse.m2e.jdt.internal.DownloadSourcesJob.run(DownloadSourcesJob.java:149)
	at org.eclipse.core.internal.jobs.Worker.run(Worker.java:63)
2025-06-27 16:17:03,268 [Worker-9: Download sources and javadoc] INFO  o.e.m.c.i.e.AbstractTransferListenerAdapter - Downloading https://repo.maven.apache.org/maven2/org/springframework/cloud/spring-cloud-loadbalancer/4.3.0/spring-cloud-loadbalancer-4.3.0-sources.jar
2025-06-27 16:17:03,294 [Worker-9: Download sources and javadoc] INFO  o.e.m.c.i.e.AbstractTransferListenerAdapter - Downloaded https://repo.maven.apache.org/maven2/org/springframework/cloud/spring-cloud-loadbalancer/4.3.0/spring-cloud-loadbalancer-4.3.0-sources.jar
2025-06-27 16:17:03,299 [Worker-9: Download sources and javadoc] INFO  o.e.m.j.internal.DownloadSourcesJob - Downloaded sources for org.springframework.cloud:spring-cloud-loadbalancer:4.3.0
2025-06-27 16:17:03,361 [Worker-9: Download sources and javadoc] INFO  o.e.m.c.i.e.AbstractTransferListenerAdapter - Downloading https://repo.maven.apache.org/maven2/io/projectreactor/reactor-core/3.7.7/reactor-core-3.7.7-sources.jar
2025-06-27 16:17:03,925 [Worker-9: Download sources and javadoc] INFO  o.e.m.c.i.e.AbstractTransferListenerAdapter - Downloaded https://repo.maven.apache.org/maven2/io/projectreactor/reactor-core/3.7.7/reactor-core-3.7.7-sources.jar
2025-06-27 16:17:03,928 [Worker-9: Download sources and javadoc] INFO  o.e.m.j.internal.DownloadSourcesJob - Downloaded sources for io.projectreactor:reactor-core:3.7.7
2025-06-27 16:17:04,002 [Worker-9: Download sources and javadoc] INFO  o.e.m.c.i.e.AbstractTransferListenerAdapter - Downloading https://repo.maven.apache.org/maven2/org/springframework/boot/spring-boot-starter-cache/3.5.3/spring-boot-starter-cache-3.5.3-sources.jar
2025-06-27 16:17:04,009 [Worker-9: Download sources and javadoc] INFO  o.e.m.c.i.e.AbstractTransferListenerAdapter - Downloaded https://repo.maven.apache.org/maven2/org/springframework/boot/spring-boot-starter-cache/3.5.3/spring-boot-starter-cache-3.5.3-sources.jar
2025-06-27 16:17:04,016 [Worker-9: Download sources and javadoc] INFO  o.e.m.j.internal.DownloadSourcesJob - Downloaded sources for org.springframework.boot:spring-boot-starter-cache:3.5.3
2025-06-27 16:17:04,101 [Worker-9: Download sources and javadoc] INFO  o.e.m.c.i.e.AbstractTransferListenerAdapter - Downloading https://repo.maven.apache.org/maven2/org/springframework/spring-context-support/6.2.8/spring-context-support-6.2.8-sources.jar
2025-06-27 16:17:04,141 [Worker-9: Download sources and javadoc] INFO  o.e.m.c.i.e.AbstractTransferListenerAdapter - Downloaded https://repo.maven.apache.org/maven2/org/springframework/spring-context-support/6.2.8/spring-context-support-6.2.8-sources.jar
2025-06-27 16:17:04,147 [Worker-9: Download sources and javadoc] INFO  o.e.m.j.internal.DownloadSourcesJob - Downloaded sources for org.springframework:spring-context-support:6.2.8
2025-06-27 16:17:26,332 [Worker-7: Building] INFO  o.a.m.s.f.DefaultMavenResourcesFiltering - Copying 1 resource from src\main\resources to target\classes
2025-06-27 16:17:26,336 [Worker-7: Building] INFO  o.a.m.s.f.DefaultMavenResourcesFiltering - Copying 0 resource from src\main\resources to target\classes
2025-06-27 16:17:26,339 [Worker-7: Building] INFO  o.a.m.s.f.DefaultMavenResourcesFiltering - skip non existing resourceDirectory D:\Jag\harman_training\Training\microservices\service-1\src\test\resources
2025-06-27 16:17:31,608 [Worker-1: Building] INFO  o.a.m.s.f.DefaultMavenResourcesFiltering - Copying 1 resource from src\main\resources to target\classes
2025-06-27 16:17:31,612 [Worker-1: Building] INFO  o.a.m.s.f.DefaultMavenResourcesFiltering - Copying 0 resource from src\main\resources to target\classes
2025-06-27 16:17:31,614 [Worker-1: Building] INFO  o.a.m.s.f.DefaultMavenResourcesFiltering - skip non existing resourceDirectory D:\Jag\harman_training\Training\microservices\service-1\src\test\resources
2025-06-27 16:17:56,592 [Worker-0: Import Getting Started Content] INFO  o.e.m.c.i.l.LifecycleMappingFactory - Using org.eclipse.m2e.jdt.JarLifecycleMapping lifecycle mapping for MavenProject: com.harman.demo:eureka-server:0.0.1-SNAPSHOT @ D:\Jag\harman_training\Training\microservices\eureka-server\pom.xml.
2025-06-27 16:17:56,761 [Worker-0: Import Getting Started Content] INFO  o.e.m.c.i.e.AbstractTransferListenerAdapter - Downloading https://repo.maven.apache.org/maven2/org/springframework/cloud/spring-cloud-starter-netflix-eureka-server/4.3.0/spring-cloud-starter-netflix-eureka-server-4.3.0.pom
2025-06-27 16:17:56,766 [Worker-0: Import Getting Started Content] INFO  o.e.m.c.i.e.AbstractTransferListenerAdapter - Downloaded https://repo.maven.apache.org/maven2/org/springframework/cloud/spring-cloud-starter-netflix-eureka-server/4.3.0/spring-cloud-starter-netflix-eureka-server-4.3.0.pom
2025-06-27 16:17:56,868 [Worker-0: Import Getting Started Content] INFO  o.e.m.c.i.e.AbstractTransferListenerAdapter - Downloading https://repo.maven.apache.org/maven2/org/springframework/cloud/spring-cloud-netflix-eureka-server/4.3.0/spring-cloud-netflix-eureka-server-4.3.0.pom
2025-06-27 16:17:56,871 [Worker-0: Import Getting Started Content] INFO  o.e.m.c.i.e.AbstractTransferListenerAdapter - Downloaded https://repo.maven.apache.org/maven2/org/springframework/cloud/spring-cloud-netflix-eureka-server/4.3.0/spring-cloud-netflix-eureka-server-4.3.0.pom
2025-06-27 16:17:56,893 [Worker-0: Import Getting Started Content] INFO  o.e.m.c.i.e.AbstractTransferListenerAdapter - Downloading https://repo.maven.apache.org/maven2/org/springframework/boot/spring-boot-starter-actuator/3.5.3/spring-boot-starter-actuator-3.5.3.pom
2025-06-27 16:17:56,896 [Worker-0: Import Getting Started Content] INFO  o.e.m.c.i.e.AbstractTransferListenerAdapter - Downloaded https://repo.maven.apache.org/maven2/org/springframework/boot/spring-boot-starter-actuator/3.5.3/spring-boot-starter-actuator-3.5.3.pom
2025-06-27 16:17:56,918 [Worker-0: Import Getting Started Content] INFO  o.e.m.c.i.e.AbstractTransferListenerAdapter - Downloading https://repo.maven.apache.org/maven2/org/springframework/boot/spring-boot-actuator-autoconfigure/3.5.3/spring-boot-actuator-autoconfigure-3.5.3.pom
2025-06-27 16:17:56,922 [Worker-0: Import Getting Started Content] INFO  o.e.m.c.i.e.AbstractTransferListenerAdapter - Downloaded https://repo.maven.apache.org/maven2/org/springframework/boot/spring-boot-actuator-autoconfigure/3.5.3/spring-boot-actuator-autoconfigure-3.5.3.pom
2025-06-27 16:17:56,943 [Worker-0: Import Getting Started Content] INFO  o.e.m.c.i.e.AbstractTransferListenerAdapter - Downloading https://repo.maven.apache.org/maven2/org/springframework/boot/spring-boot-actuator/3.5.3/spring-boot-actuator-3.5.3.pom
2025-06-27 16:17:56,946 [Worker-0: Import Getting Started Content] INFO  o.e.m.c.i.e.AbstractTransferListenerAdapter - Downloaded https://repo.maven.apache.org/maven2/org/springframework/boot/spring-boot-actuator/3.5.3/spring-boot-actuator-3.5.3.pom
2025-06-27 16:17:56,966 [Worker-0: Import Getting Started Content] INFO  o.e.m.c.i.e.AbstractTransferListenerAdapter - Downloading https://repo.maven.apache.org/maven2/io/micrometer/micrometer-jakarta9/1.15.1/micrometer-jakarta9-1.15.1.pom
2025-06-27 16:17:56,969 [Worker-0: Import Getting Started Content] INFO  o.e.m.c.i.e.AbstractTransferListenerAdapter - Downloaded https://repo.maven.apache.org/maven2/io/micrometer/micrometer-jakarta9/1.15.1/micrometer-jakarta9-1.15.1.pom
2025-06-27 16:17:56,993 [Worker-0: Import Getting Started Content] INFO  o.e.m.c.i.e.AbstractTransferListenerAdapter - Downloading https://repo.maven.apache.org/maven2/org/springframework/boot/spring-boot-starter-freemarker/3.5.3/spring-boot-starter-freemarker-3.5.3.pom
2025-06-27 16:17:56,996 [Worker-0: Import Getting Started Content] INFO  o.e.m.c.i.e.AbstractTransferListenerAdapter - Downloaded https://repo.maven.apache.org/maven2/org/springframework/boot/spring-boot-starter-freemarker/3.5.3/spring-boot-starter-freemarker-3.5.3.pom
2025-06-27 16:17:57,242 [Worker-0: Import Getting Started Content] INFO  o.e.m.c.i.e.AbstractTransferListenerAdapter - Downloading https://repo.maven.apache.org/maven2/com/fasterxml/jackson/dataformat/jackson-dataformat-xml/2.19.1/jackson-dataformat-xml-2.19.1.pom
2025-06-27 16:17:57,248 [Worker-0: Import Getting Started Content] INFO  o.e.m.c.i.e.AbstractTransferListenerAdapter - Downloaded https://repo.maven.apache.org/maven2/com/fasterxml/jackson/dataformat/jackson-dataformat-xml/2.19.1/jackson-dataformat-xml-2.19.1.pom
2025-06-27 16:17:57,288 [Worker-0: Import Getting Started Content] INFO  o.e.m.c.i.e.AbstractTransferListenerAdapter - Downloading https://repo.maven.apache.org/maven2/com/fasterxml/woodstox/woodstox-core/7.1.1/woodstox-core-7.1.1.pom
2025-06-27 16:17:57,292 [Worker-0: Import Getting Started Content] INFO  o.e.m.c.i.e.AbstractTransferListenerAdapter - Downloaded https://repo.maven.apache.org/maven2/com/fasterxml/woodstox/woodstox-core/7.1.1/woodstox-core-7.1.1.pom
2025-06-27 16:17:57,580 [Worker-0: Import Getting Started Content] INFO  o.e.m.c.i.e.AbstractTransferListenerAdapter - Downloading https://repo.maven.apache.org/maven2/org/springframework/cloud/spring-cloud-starter-netflix-eureka-server/4.3.0/spring-cloud-starter-netflix-eureka-server-4.3.0.jar
2025-06-27 16:17:57,585 [Worker-0: Import Getting Started Content] INFO  o.e.m.c.i.e.AbstractTransferListenerAdapter - Downloaded https://repo.maven.apache.org/maven2/org/springframework/cloud/spring-cloud-starter-netflix-eureka-server/4.3.0/spring-cloud-starter-netflix-eureka-server-4.3.0.jar
2025-06-27 16:17:57,605 [BasicRepositoryConnector-repo.maven.apache.org-1-0] INFO  o.e.m.c.i.e.AbstractTransferListenerAdapter - Downloading https://repo.maven.apache.org/maven2/org/springframework/cloud/spring-cloud-netflix-eureka-server/4.3.0/spring-cloud-netflix-eureka-server-4.3.0.jar
2025-06-27 16:17:57,667 [BasicRepositoryConnector-repo.maven.apache.org-1-4] INFO  o.e.m.c.i.e.AbstractTransferListenerAdapter - Downloading https://repo.maven.apache.org/maven2/io/micrometer/micrometer-jakarta9/1.15.1/micrometer-jakarta9-1.15.1.jar
2025-06-27 16:17:57,671 [BasicRepositoryConnector-repo.maven.apache.org-1-2] INFO  o.e.m.c.i.e.AbstractTransferListenerAdapter - Downloading https://repo.maven.apache.org/maven2/org/springframework/boot/spring-boot-actuator-autoconfigure/3.5.3/spring-boot-actuator-autoconfigure-3.5.3.jar
2025-06-27 16:17:57,671 [BasicRepositoryConnector-repo.maven.apache.org-1-3] INFO  o.e.m.c.i.e.AbstractTransferListenerAdapter - Downloading https://repo.maven.apache.org/maven2/org/springframework/boot/spring-boot-actuator/3.5.3/spring-boot-actuator-3.5.3.jar
2025-06-27 16:17:57,680 [BasicRepositoryConnector-repo.maven.apache.org-1-4] INFO  o.e.m.c.i.e.AbstractTransferListenerAdapter - Downloaded https://repo.maven.apache.org/maven2/io/micrometer/micrometer-jakarta9/1.15.1/micrometer-jakarta9-1.15.1.jar
2025-06-27 16:17:57,682 [BasicRepositoryConnector-repo.maven.apache.org-1-1] INFO  o.e.m.c.i.e.AbstractTransferListenerAdapter - Downloading https://repo.maven.apache.org/maven2/org/springframework/boot/spring-boot-starter-actuator/3.5.3/spring-boot-starter-actuator-3.5.3.jar
2025-06-27 16:17:57,685 [BasicRepositoryConnector-repo.maven.apache.org-1-1] INFO  o.e.m.c.i.e.AbstractTransferListenerAdapter - Downloaded https://repo.maven.apache.org/maven2/org/springframework/boot/spring-boot-starter-actuator/3.5.3/spring-boot-starter-actuator-3.5.3.jar
2025-06-27 16:17:57,705 [BasicRepositoryConnector-repo.maven.apache.org-1-4] INFO  o.e.m.c.i.e.AbstractTransferListenerAdapter - Downloading https://repo.maven.apache.org/maven2/org/springframework/boot/spring-boot-starter-freemarker/3.5.3/spring-boot-starter-freemarker-3.5.3.jar
2025-06-27 16:17:57,707 [BasicRepositoryConnector-repo.maven.apache.org-1-4] INFO  o.e.m.c.i.e.AbstractTransferListenerAdapter - Downloaded https://repo.maven.apache.org/maven2/org/springframework/boot/spring-boot-starter-freemarker/3.5.3/spring-boot-starter-freemarker-3.5.3.jar
2025-06-27 16:17:57,710 [BasicRepositoryConnector-repo.maven.apache.org-1-1] INFO  o.e.m.c.i.e.AbstractTransferListenerAdapter - Downloading https://repo.maven.apache.org/maven2/com/fasterxml/jackson/dataformat/jackson-dataformat-xml/2.19.1/jackson-dataformat-xml-2.19.1.jar
2025-06-27 16:17:57,732 [BasicRepositoryConnector-repo.maven.apache.org-1-4] INFO  o.e.m.c.i.e.AbstractTransferListenerAdapter - Downloading https://repo.maven.apache.org/maven2/com/fasterxml/woodstox/woodstox-core/7.1.1/woodstox-core-7.1.1.jar
2025-06-27 16:17:57,768 [BasicRepositoryConnector-repo.maven.apache.org-1-1] INFO  o.e.m.c.i.e.AbstractTransferListenerAdapter - Downloaded https://repo.maven.apache.org/maven2/com/fasterxml/jackson/dataformat/jackson-dataformat-xml/2.19.1/jackson-dataformat-xml-2.19.1.jar
2025-06-27 16:17:57,796 [BasicRepositoryConnector-repo.maven.apache.org-1-0] INFO  o.e.m.c.i.e.AbstractTransferListenerAdapter - Downloaded https://repo.maven.apache.org/maven2/org/springframework/cloud/spring-cloud-netflix-eureka-server/4.3.0/spring-cloud-netflix-eureka-server-4.3.0.jar
2025-06-27 16:17:57,926 [BasicRepositoryConnector-repo.maven.apache.org-1-3] INFO  o.e.m.c.i.e.AbstractTransferListenerAdapter - Downloaded https://repo.maven.apache.org/maven2/org/springframework/boot/spring-boot-actuator/3.5.3/spring-boot-actuator-3.5.3.jar
2025-06-27 16:17:57,960 [BasicRepositoryConnector-repo.maven.apache.org-1-2] INFO  o.e.m.c.i.e.AbstractTransferListenerAdapter - Downloaded https://repo.maven.apache.org/maven2/org/springframework/boot/spring-boot-actuator-autoconfigure/3.5.3/spring-boot-actuator-autoconfigure-3.5.3.jar
2025-06-27 16:17:58,204 [BasicRepositoryConnector-repo.maven.apache.org-1-4] INFO  o.e.m.c.i.e.AbstractTransferListenerAdapter - Downloaded https://repo.maven.apache.org/maven2/com/fasterxml/woodstox/woodstox-core/7.1.1/woodstox-core-7.1.1.jar
2025-06-27 16:17:58,521 [Worker-0: Import Getting Started Content] INFO  o.e.m.j.i.AbstractJavaProjectConfigurator - Adding source folder /eureka-server/src/main/java
2025-06-27 16:17:58,521 [Worker-0: Import Getting Started Content] INFO  o.e.m.j.i.AbstractJavaProjectConfigurator - Adding resource folder /eureka-server/src/main/resources
2025-06-27 16:17:58,523 [Worker-0: Import Getting Started Content] INFO  o.e.m.j.i.AbstractJavaProjectConfigurator - Adding resource folder /eureka-server/src/main/resources
2025-06-27 16:17:58,525 [Worker-0: Import Getting Started Content] INFO  o.e.m.j.i.AbstractJavaProjectConfigurator - Adding source folder /eureka-server/src/test/java
2025-06-27 16:17:58,526 [Worker-0: Import Getting Started Content] INFO  o.e.m.j.i.AbstractJavaProjectConfigurator - Adding resource folder /eureka-server/src/test/resources
2025-06-27 16:17:58,890 [Worker-0: Import Getting Started Content] INFO  o.e.m.c.i.p.ProjectConfigurationManager - Imported and configured 1 project(s) in 2 sec
2025-06-27 16:17:58,892 [Worker-0: Import Getting Started Content] INFO  o.e.m.c.i.p.ProjectConfigurationManager - Update started
2025-06-27 16:17:59,150 [Worker-0: Import Getting Started Content] INFO  o.e.m.c.i.l.LifecycleMappingFactory - Using org.eclipse.m2e.jdt.JarLifecycleMapping lifecycle mapping for MavenProject: com.harman.demo:eureka-server:0.0.1-SNAPSHOT @ D:\Jag\harman_training\Training\microservices\eureka-server\pom.xml.
2025-06-27 16:17:59,673 [Worker-13: Download sources and javadoc] INFO  o.e.m.c.i.e.AbstractTransferListenerAdapter - Downloaded https://repo.maven.apache.org/maven2/org/springframework/cloud/spring-cloud-starter-netflix-eureka-server/4.3.0/spring-cloud-starter-netflix-eureka-server-4.3.0-sources.jar
2025-06-27 16:17:59,675 [Worker-13: Download sources and javadoc] ERROR o.e.m.j.internal.DownloadSourcesJob - Could not download sources for org.springframework.cloud:spring-cloud-starter-netflix-eureka-server:4.3.0
org.eclipse.core.runtime.CoreException: Could not resolve artifact org.springframework.cloud:spring-cloud-starter-netflix-eureka-server:jar:sources:4.3.0
	at org.eclipse.m2e.core.internal.embedder.MavenImpl.lambda$7(MavenImpl.java:540)
	at org.eclipse.m2e.core.internal.embedder.MavenExecutionContext.executeBare(MavenExecutionContext.java:458)
	at org.eclipse.m2e.core.internal.embedder.MavenExecutionContext.execute(MavenExecutionContext.java:292)
	at org.eclipse.m2e.core.internal.embedder.MavenExecutionContext.execute(MavenExecutionContext.java:278)
	at org.eclipse.m2e.core.internal.embedder.MavenImpl.resolve(MavenImpl.java:509)
	at org.eclipse.m2e.core.internal.embedder.MavenImpl.resolve(MavenImpl.java:494)
	at org.eclipse.m2e.jdt.internal.DownloadSourcesJob.download(DownloadSourcesJob.java:308)
	at org.eclipse.m2e.jdt.internal.DownloadSourcesJob.downloadAttachments(DownloadSourcesJob.java:282)
	at org.eclipse.m2e.jdt.internal.DownloadSourcesJob.downloadMaven(DownloadSourcesJob.java:252)
	at org.eclipse.m2e.jdt.internal.DownloadSourcesJob.downloadFilesAndPopulateToUpdate(DownloadSourcesJob.java:220)
	at org.eclipse.m2e.jdt.internal.DownloadSourcesJob.lambda$0(DownloadSourcesJob.java:149)
	at org.eclipse.m2e.core.internal.embedder.MavenExecutionContext.executeBare(MavenExecutionContext.java:458)
	at org.eclipse.m2e.core.internal.embedder.MavenExecutionContext.execute(MavenExecutionContext.java:339)
	at org.eclipse.m2e.core.internal.embedder.MavenExecutionContext.execute(MavenExecutionContext.java:278)
	at org.eclipse.m2e.core.embedder.IMaven.execute(IMaven.java:300)
	at org.eclipse.m2e.jdt.internal.DownloadSourcesJob.run(DownloadSourcesJob.java:149)
	at org.eclipse.core.internal.jobs.Worker.run(Worker.java:63)
2025-06-27 16:17:59,731 [Worker-13: Download sources and javadoc] INFO  o.e.m.c.i.e.AbstractTransferListenerAdapter - Downloading https://repo.maven.apache.org/maven2/org/springframework/cloud/spring-cloud-netflix-eureka-server/4.3.0/spring-cloud-netflix-eureka-server-4.3.0-sources.jar
2025-06-27 16:17:59,886 [Worker-13: Download sources and javadoc] INFO  o.e.m.c.i.e.AbstractTransferListenerAdapter - Downloaded https://repo.maven.apache.org/maven2/org/springframework/cloud/spring-cloud-netflix-eureka-server/4.3.0/spring-cloud-netflix-eureka-server-4.3.0-sources.jar
2025-06-27 16:17:59,893 [Worker-13: Download sources and javadoc] INFO  o.e.m.j.internal.DownloadSourcesJob - Downloaded sources for org.springframework.cloud:spring-cloud-netflix-eureka-server:4.3.0
2025-06-27 16:17:59,962 [Worker-13: Download sources and javadoc] INFO  o.e.m.c.i.e.AbstractTransferListenerAdapter - Downloading https://repo.maven.apache.org/maven2/org/springframework/boot/spring-boot-starter-actuator/3.5.3/spring-boot-starter-actuator-3.5.3-sources.jar
2025-06-27 16:17:59,968 [Worker-13: Download sources and javadoc] INFO  o.e.m.c.i.e.AbstractTransferListenerAdapter - Downloaded https://repo.maven.apache.org/maven2/org/springframework/boot/spring-boot-starter-actuator/3.5.3/spring-boot-starter-actuator-3.5.3-sources.jar
2025-06-27 16:17:59,974 [Worker-13: Download sources and javadoc] INFO  o.e.m.j.internal.DownloadSourcesJob - Downloaded sources for org.springframework.boot:spring-boot-starter-actuator:3.5.3
2025-06-27 16:18:00,045 [Worker-13: Download sources and javadoc] INFO  o.e.m.c.i.e.AbstractTransferListenerAdapter - Downloading https://repo.maven.apache.org/maven2/org/springframework/boot/spring-boot-actuator-autoconfigure/3.5.3/spring-boot-actuator-autoconfigure-3.5.3-sources.jar
2025-06-27 16:18:00,142 [Worker-0: Import Getting Started Content] INFO  o.e.m.j.i.AbstractJavaProjectConfigurator - Adding source folder /eureka-server/src/main/java
2025-06-27 16:18:00,143 [Worker-0: Import Getting Started Content] INFO  o.e.m.j.i.AbstractJavaProjectConfigurator - Adding resource folder /eureka-server/src/main/resources
2025-06-27 16:18:00,143 [Worker-0: Import Getting Started Content] INFO  o.e.m.j.i.AbstractJavaProjectConfigurator - Adding resource folder /eureka-server/src/main/resources
2025-06-27 16:18:00,143 [Worker-0: Import Getting Started Content] INFO  o.e.m.j.i.AbstractJavaProjectConfigurator - Adding source folder /eureka-server/src/test/java
2025-06-27 16:18:00,144 [Worker-0: Import Getting Started Content] INFO  o.e.m.j.i.AbstractJavaProjectConfigurator - Adding resource folder /eureka-server/src/test/resources
2025-06-27 16:18:00,202 [Worker-13: Download sources and javadoc] INFO  o.e.m.c.i.e.AbstractTransferListenerAdapter - Downloaded https://repo.maven.apache.org/maven2/org/springframework/boot/spring-boot-actuator-autoconfigure/3.5.3/spring-boot-actuator-autoconfigure-3.5.3-sources.jar
2025-06-27 16:18:00,205 [Worker-13: Download sources and javadoc] INFO  o.e.m.j.internal.DownloadSourcesJob - Downloaded sources for org.springframework.boot:spring-boot-actuator-autoconfigure:3.5.3
2025-06-27 16:18:00,268 [Worker-13: Download sources and javadoc] INFO  o.e.m.c.i.e.AbstractTransferListenerAdapter - Downloading https://repo.maven.apache.org/maven2/org/springframework/boot/spring-boot-actuator/3.5.3/spring-boot-actuator-3.5.3-sources.jar
2025-06-27 16:18:00,398 [Worker-13: Download sources and javadoc] INFO  o.e.m.c.i.e.AbstractTransferListenerAdapter - Downloaded https://repo.maven.apache.org/maven2/org/springframework/boot/spring-boot-actuator/3.5.3/spring-boot-actuator-3.5.3-sources.jar
2025-06-27 16:18:00,402 [Worker-13: Download sources and javadoc] INFO  o.e.m.j.internal.DownloadSourcesJob - Downloaded sources for org.springframework.boot:spring-boot-actuator:3.5.3
2025-06-27 16:18:00,473 [Worker-13: Download sources and javadoc] INFO  o.e.m.c.i.e.AbstractTransferListenerAdapter - Downloading https://repo.maven.apache.org/maven2/io/micrometer/micrometer-jakarta9/1.15.1/micrometer-jakarta9-1.15.1-sources.jar
2025-06-27 16:18:00,477 [Worker-13: Download sources and javadoc] INFO  o.e.m.c.i.e.AbstractTransferListenerAdapter - Downloaded https://repo.maven.apache.org/maven2/io/micrometer/micrometer-jakarta9/1.15.1/micrometer-jakarta9-1.15.1-sources.jar
2025-06-27 16:18:00,480 [Worker-13: Download sources and javadoc] INFO  o.e.m.j.internal.DownloadSourcesJob - Downloaded sources for io.micrometer:micrometer-jakarta9:1.15.1
2025-06-27 16:18:00,539 [Worker-13: Download sources and javadoc] INFO  o.e.m.c.i.e.AbstractTransferListenerAdapter - Downloading https://repo.maven.apache.org/maven2/org/springframework/boot/spring-boot-starter-freemarker/3.5.3/spring-boot-starter-freemarker-3.5.3-sources.jar
2025-06-27 16:18:00,542 [Worker-13: Download sources and javadoc] INFO  o.e.m.c.i.e.AbstractTransferListenerAdapter - Downloaded https://repo.maven.apache.org/maven2/org/springframework/boot/spring-boot-starter-freemarker/3.5.3/spring-boot-starter-freemarker-3.5.3-sources.jar
2025-06-27 16:18:00,545 [Worker-13: Download sources and javadoc] INFO  o.e.m.j.internal.DownloadSourcesJob - Downloaded sources for org.springframework.boot:spring-boot-starter-freemarker:3.5.3
2025-06-27 16:18:00,605 [Worker-13: Download sources and javadoc] INFO  o.e.m.c.i.e.AbstractTransferListenerAdapter - Downloading https://repo.maven.apache.org/maven2/com/fasterxml/jackson/dataformat/jackson-dataformat-xml/2.19.1/jackson-dataformat-xml-2.19.1-sources.jar
2025-06-27 16:18:00,630 [Worker-13: Download sources and javadoc] INFO  o.e.m.c.i.e.AbstractTransferListenerAdapter - Downloaded https://repo.maven.apache.org/maven2/com/fasterxml/jackson/dataformat/jackson-dataformat-xml/2.19.1/jackson-dataformat-xml-2.19.1-sources.jar
2025-06-27 16:18:00,673 [Worker-13: Download sources and javadoc] INFO  o.e.m.j.internal.DownloadSourcesJob - Downloaded sources for com.fasterxml.jackson.dataformat:jackson-dataformat-xml:2.19.1
2025-06-27 16:18:00,678 [Worker-0: Import Getting Started Content] INFO  o.e.m.c.i.p.ProjectConfigurationManager - Update completed for 1 poms: local refresh takes 0.00 sec, refresh facades takes 1.00 sec, update config takes 0.00 sec 
2025-06-27 16:18:00,741 [Worker-13: Download sources and javadoc] INFO  o.e.m.c.i.e.AbstractTransferListenerAdapter - Downloading https://repo.maven.apache.org/maven2/com/fasterxml/woodstox/woodstox-core/7.1.1/woodstox-core-7.1.1-sources.jar
2025-06-27 16:18:00,874 [Worker-13: Download sources and javadoc] INFO  o.e.m.c.i.e.AbstractTransferListenerAdapter - Downloaded https://repo.maven.apache.org/maven2/com/fasterxml/woodstox/woodstox-core/7.1.1/woodstox-core-7.1.1-sources.jar
2025-06-27 16:18:00,877 [Worker-13: Download sources and javadoc] INFO  o.e.m.j.internal.DownloadSourcesJob - Downloaded sources for com.fasterxml.woodstox:woodstox-core:7.1.1
2025-06-27 16:18:00,934 [Worker-13: Download sources and javadoc] INFO  o.e.m.c.i.e.AbstractTransferListenerAdapter - Downloaded https://repo.maven.apache.org/maven2/org/springframework/cloud/spring-cloud-starter-loadbalancer/4.3.0/spring-cloud-starter-loadbalancer-4.3.0-javadoc.jar
2025-06-27 16:18:00,936 [Worker-13: Download sources and javadoc] ERROR o.e.m.j.internal.DownloadSourcesJob - Could not download javadoc for org.springframework.cloud:spring-cloud-starter-loadbalancer:4.3.0
org.eclipse.core.runtime.CoreException: Could not resolve artifact org.springframework.cloud:spring-cloud-starter-loadbalancer:jar:javadoc:4.3.0
	at org.eclipse.m2e.core.internal.embedder.MavenImpl.lambda$7(MavenImpl.java:540)
	at org.eclipse.m2e.core.internal.embedder.MavenExecutionContext.executeBare(MavenExecutionContext.java:458)
	at org.eclipse.m2e.core.internal.embedder.MavenExecutionContext.execute(MavenExecutionContext.java:292)
	at org.eclipse.m2e.core.internal.embedder.MavenExecutionContext.execute(MavenExecutionContext.java:278)
	at org.eclipse.m2e.core.internal.embedder.MavenImpl.resolve(MavenImpl.java:509)
	at org.eclipse.m2e.core.internal.embedder.MavenImpl.resolve(MavenImpl.java:494)
	at org.eclipse.m2e.jdt.internal.DownloadSourcesJob.download(DownloadSourcesJob.java:308)
	at org.eclipse.m2e.jdt.internal.DownloadSourcesJob.downloadAttachments(DownloadSourcesJob.java:294)
	at org.eclipse.m2e.jdt.internal.DownloadSourcesJob.downloadMaven(DownloadSourcesJob.java:252)
	at org.eclipse.m2e.jdt.internal.DownloadSourcesJob.downloadFilesAndPopulateToUpdate(DownloadSourcesJob.java:220)
	at org.eclipse.m2e.jdt.internal.DownloadSourcesJob.lambda$0(DownloadSourcesJob.java:149)
	at org.eclipse.m2e.core.internal.embedder.MavenExecutionContext.executeBare(MavenExecutionContext.java:458)
	at org.eclipse.m2e.core.internal.embedder.MavenExecutionContext.execute(MavenExecutionContext.java:339)
	at org.eclipse.m2e.core.internal.embedder.MavenExecutionContext.execute(MavenExecutionContext.java:278)
	at org.eclipse.m2e.core.embedder.IMaven.execute(IMaven.java:300)
	at org.eclipse.m2e.jdt.internal.DownloadSourcesJob.run(DownloadSourcesJob.java:149)
	at org.eclipse.core.internal.jobs.Worker.run(Worker.java:63)
2025-06-27 16:18:00,985 [Worker-6: Building] INFO  o.a.m.s.f.DefaultMavenResourcesFiltering - Copying 1 resource from src\main\resources to target\classes
2025-06-27 16:18:01,011 [Worker-6: Building] INFO  o.a.m.s.f.DefaultMavenResourcesFiltering - Copying 0 resource from src\main\resources to target\classes
2025-06-27 16:18:01,015 [Worker-6: Building] INFO  o.a.m.s.f.DefaultMavenResourcesFiltering - skip non existing resourceDirectory D:\Jag\harman_training\Training\microservices\eureka-server\src\test\resources
2025-06-27 16:18:36,572 [Worker-4: Building] INFO  o.a.m.s.f.DefaultMavenResourcesFiltering - Copying 1 resource from src\main\resources to target\classes
2025-06-27 16:18:36,577 [Worker-4: Building] INFO  o.a.m.s.f.DefaultMavenResourcesFiltering - Copying 0 resource from src\main\resources to target\classes
2025-06-27 16:18:36,580 [Worker-4: Building] INFO  o.a.m.s.f.DefaultMavenResourcesFiltering - skip non existing resourceDirectory D:\Jag\harman_training\Training\microservices\eureka-server\src\test\resources
2025-06-27 16:19:07,086 [Worker-9: Building] INFO  o.a.m.s.f.DefaultMavenResourcesFiltering - Copying 1 resource from src\main\resources to target\classes
2025-06-27 16:19:07,090 [Worker-9: Building] INFO  o.a.m.s.f.DefaultMavenResourcesFiltering - Copying 0 resource from src\main\resources to target\classes
2025-06-27 16:19:07,092 [Worker-9: Building] INFO  o.a.m.s.f.DefaultMavenResourcesFiltering - skip non existing resourceDirectory D:\Jag\harman_training\Training\microservices\eureka-server\src\test\resources
2025-06-27 16:19:08,131 [Worker-8: Building] INFO  o.a.m.s.f.DefaultMavenResourcesFiltering - Copying 1 resource from src\main\resources to target\classes
2025-06-27 16:19:08,135 [Worker-8: Building] INFO  o.a.m.s.f.DefaultMavenResourcesFiltering - Copying 0 resource from src\main\resources to target\classes
2025-06-27 16:19:08,137 [Worker-8: Building] INFO  o.a.m.s.f.DefaultMavenResourcesFiltering - skip non existing resourceDirectory D:\Jag\harman_training\Training\microservices\eureka-server\src\test\resources
2025-06-27 16:19:14,589 [Worker-3: Download sources and javadoc] INFO  o.e.m.c.i.e.AbstractTransferListenerAdapter - Downloaded https://repo.maven.apache.org/maven2/org/springframework/cloud/spring-cloud-starter-netflix-eureka-server/4.3.0/spring-cloud-starter-netflix-eureka-server-4.3.0-javadoc.jar
2025-06-27 16:19:14,593 [Worker-3: Download sources and javadoc] ERROR o.e.m.j.internal.DownloadSourcesJob - Could not download javadoc for org.springframework.cloud:spring-cloud-starter-netflix-eureka-server:4.3.0
org.eclipse.core.runtime.CoreException: Could not resolve artifact org.springframework.cloud:spring-cloud-starter-netflix-eureka-server:jar:javadoc:4.3.0
	at org.eclipse.m2e.core.internal.embedder.MavenImpl.lambda$7(MavenImpl.java:540)
	at org.eclipse.m2e.core.internal.embedder.MavenExecutionContext.executeBare(MavenExecutionContext.java:458)
	at org.eclipse.m2e.core.internal.embedder.MavenExecutionContext.execute(MavenExecutionContext.java:292)
	at org.eclipse.m2e.core.internal.embedder.MavenExecutionContext.execute(MavenExecutionContext.java:278)
	at org.eclipse.m2e.core.internal.embedder.MavenImpl.resolve(MavenImpl.java:509)
	at org.eclipse.m2e.core.internal.embedder.MavenImpl.resolve(MavenImpl.java:494)
	at org.eclipse.m2e.jdt.internal.DownloadSourcesJob.download(DownloadSourcesJob.java:308)
	at org.eclipse.m2e.jdt.internal.DownloadSourcesJob.downloadAttachments(DownloadSourcesJob.java:294)
	at org.eclipse.m2e.jdt.internal.DownloadSourcesJob.downloadMaven(DownloadSourcesJob.java:252)
	at org.eclipse.m2e.jdt.internal.DownloadSourcesJob.downloadFilesAndPopulateToUpdate(DownloadSourcesJob.java:220)
	at org.eclipse.m2e.jdt.internal.DownloadSourcesJob.lambda$0(DownloadSourcesJob.java:149)
	at org.eclipse.m2e.core.internal.embedder.MavenExecutionContext.executeBare(MavenExecutionContext.java:458)
	at org.eclipse.m2e.core.internal.embedder.MavenExecutionContext.execute(MavenExecutionContext.java:339)
	at org.eclipse.m2e.core.internal.embedder.MavenExecutionContext.execute(MavenExecutionContext.java:278)
	at org.eclipse.m2e.core.embedder.IMaven.execute(IMaven.java:300)
	at org.eclipse.m2e.jdt.internal.DownloadSourcesJob.run(DownloadSourcesJob.java:149)
	at org.eclipse.core.internal.jobs.Worker.run(Worker.java:63)
2025-06-27 16:19:55,393 [Worker-0: Building] INFO  o.a.m.s.f.DefaultMavenResourcesFiltering - Copying 1 resource from src\main\resources to target\classes
2025-06-27 16:19:55,400 [Worker-0: Building] INFO  o.a.m.s.f.DefaultMavenResourcesFiltering - Copying 0 resource from src\main\resources to target\classes
2025-06-27 16:19:55,402 [Worker-0: Building] INFO  o.a.m.s.f.DefaultMavenResourcesFiltering - skip non existing resourceDirectory D:\Jag\harman_training\Training\microservices\service-1\src\test\resources
2025-06-27 16:20:27,239 [Worker-1: Building] INFO  o.a.m.s.f.DefaultMavenResourcesFiltering - Copying 1 resource from src\main\resources to target\classes
2025-06-27 16:20:27,244 [Worker-1: Building] INFO  o.a.m.s.f.DefaultMavenResourcesFiltering - Copying 0 resource from src\main\resources to target\classes
2025-06-27 16:20:27,246 [Worker-1: Building] INFO  o.a.m.s.f.DefaultMavenResourcesFiltering - skip non existing resourceDirectory D:\Jag\harman_training\Training\microservices\service-1\src\test\resources
2025-06-27 16:20:35,851 [Worker-7: Download sources and javadoc] INFO  o.e.m.c.i.e.AbstractTransferListenerAdapter - Downloaded https://repo.maven.apache.org/maven2/org/springframework/cloud/spring-cloud-starter-netflix-eureka-client/4.3.0/spring-cloud-starter-netflix-eureka-client-4.3.0-javadoc.jar
2025-06-27 16:20:35,853 [Worker-7: Download sources and javadoc] ERROR o.e.m.j.internal.DownloadSourcesJob - Could not download javadoc for org.springframework.cloud:spring-cloud-starter-netflix-eureka-client:4.3.0
org.eclipse.core.runtime.CoreException: Could not resolve artifact org.springframework.cloud:spring-cloud-starter-netflix-eureka-client:jar:javadoc:4.3.0
	at org.eclipse.m2e.core.internal.embedder.MavenImpl.lambda$7(MavenImpl.java:540)
	at org.eclipse.m2e.core.internal.embedder.MavenExecutionContext.executeBare(MavenExecutionContext.java:458)
	at org.eclipse.m2e.core.internal.embedder.MavenExecutionContext.execute(MavenExecutionContext.java:292)
	at org.eclipse.m2e.core.internal.embedder.MavenExecutionContext.execute(MavenExecutionContext.java:278)
	at org.eclipse.m2e.core.internal.embedder.MavenImpl.resolve(MavenImpl.java:509)
	at org.eclipse.m2e.core.internal.embedder.MavenImpl.resolve(MavenImpl.java:494)
	at org.eclipse.m2e.jdt.internal.DownloadSourcesJob.download(DownloadSourcesJob.java:308)
	at org.eclipse.m2e.jdt.internal.DownloadSourcesJob.downloadAttachments(DownloadSourcesJob.java:294)
	at org.eclipse.m2e.jdt.internal.DownloadSourcesJob.downloadMaven(DownloadSourcesJob.java:252)
	at org.eclipse.m2e.jdt.internal.DownloadSourcesJob.downloadFilesAndPopulateToUpdate(DownloadSourcesJob.java:220)
	at org.eclipse.m2e.jdt.internal.DownloadSourcesJob.lambda$0(DownloadSourcesJob.java:149)
	at org.eclipse.m2e.core.internal.embedder.MavenExecutionContext.executeBare(MavenExecutionContext.java:458)
	at org.eclipse.m2e.core.internal.embedder.MavenExecutionContext.execute(MavenExecutionContext.java:339)
	at org.eclipse.m2e.core.internal.embedder.MavenExecutionContext.execute(MavenExecutionContext.java:278)
	at org.eclipse.m2e.core.embedder.IMaven.execute(IMaven.java:300)
	at org.eclipse.m2e.jdt.internal.DownloadSourcesJob.run(DownloadSourcesJob.java:149)
	at org.eclipse.core.internal.jobs.Worker.run(Worker.java:63)
2025-06-27 16:20:55,761 [Worker-1: Building] INFO  o.e.m.c.i.l.LifecycleMappingFactory - Using org.eclipse.m2e.jdt.JarLifecycleMapping lifecycle mapping for MavenProject: com.harman.demo:service-1:0.0.1-SNAPSHOT @ D:\Jag\harman_training\Training\microservices\service-2\pom.xml.
2025-06-27 16:20:57,007 [Worker-1: Building] INFO  o.a.m.s.f.DefaultMavenResourcesFiltering - Copying 1 resource from src\main\resources to target\classes
2025-06-27 16:20:57,026 [Worker-1: Building] INFO  o.a.m.s.f.DefaultMavenResourcesFiltering - Copying 0 resource from src\main\resources to target\classes
2025-06-27 16:20:57,031 [Worker-1: Building] INFO  o.a.m.s.f.DefaultMavenResourcesFiltering - skip non existing resourceDirectory D:\Jag\harman_training\Training\microservices\service-2\src\test\resources
2025-06-27 16:20:58,182 [Worker-0: Building] INFO  o.a.m.s.f.DefaultMavenResourcesFiltering - Copying 1 resource from src\main\resources to target\classes
2025-06-27 16:20:58,184 [Worker-0: Building] INFO  o.a.m.s.f.DefaultMavenResourcesFiltering - Copying 0 resource from src\main\resources to target\classes
2025-06-27 16:20:58,187 [Worker-0: Building] INFO  o.a.m.s.f.DefaultMavenResourcesFiltering - skip non existing resourceDirectory D:\Jag\harman_training\Training\microservices\service-2\src\test\resources
2025-06-27 16:21:07,882 [Worker-3: Building] INFO  o.a.m.s.f.DefaultMavenResourcesFiltering - Copying 1 resource from src\main\resources to target\classes
2025-06-27 16:21:07,886 [Worker-3: Building] INFO  o.a.m.s.f.DefaultMavenResourcesFiltering - Copying 0 resource from src\main\resources to target\classes
2025-06-27 16:21:07,889 [Worker-3: Building] INFO  o.a.m.s.f.DefaultMavenResourcesFiltering - skip non existing resourceDirectory D:\Jag\harman_training\Training\microservices\service-2\src\test\resources
2025-06-27 16:25:54,515 [Worker-6: Import Getting Started Content] INFO  o.e.m.c.i.l.LifecycleMappingFactory - Using org.eclipse.m2e.jdt.JarLifecycleMapping lifecycle mapping for MavenProject: com.harman.demo:load-balancer-demo:0.0.1-SNAPSHOT @ D:\Jag\harman_training\Training\microservices\load-balancer-demo\pom.xml.
2025-06-27 16:25:54,622 [Worker-6: Import Getting Started Content] INFO  o.e.m.c.i.e.AbstractTransferListenerAdapter - Downloading https://repo.maven.apache.org/maven2/org/springframework/boot/spring-boot-starter-webflux/3.5.3/spring-boot-starter-webflux-3.5.3.pom
2025-06-27 16:25:54,628 [Worker-6: Import Getting Started Content] INFO  o.e.m.c.i.e.AbstractTransferListenerAdapter - Downloaded https://repo.maven.apache.org/maven2/org/springframework/boot/spring-boot-starter-webflux/3.5.3/spring-boot-starter-webflux-3.5.3.pom
2025-06-27 16:25:54,728 [Worker-6: Import Getting Started Content] INFO  o.e.m.c.i.e.AbstractTransferListenerAdapter - Downloading https://repo.maven.apache.org/maven2/org/springframework/boot/spring-boot-starter-reactor-netty/3.5.3/spring-boot-starter-reactor-netty-3.5.3.pom
2025-06-27 16:25:54,731 [Worker-6: Import Getting Started Content] INFO  o.e.m.c.i.e.AbstractTransferListenerAdapter - Downloaded https://repo.maven.apache.org/maven2/org/springframework/boot/spring-boot-starter-reactor-netty/3.5.3/spring-boot-starter-reactor-netty-3.5.3.pom
2025-06-27 16:25:54,754 [Worker-6: Import Getting Started Content] INFO  o.e.m.c.i.e.AbstractTransferListenerAdapter - Downloading https://repo.maven.apache.org/maven2/io/projectreactor/netty/reactor-netty-http/1.2.7/reactor-netty-http-1.2.7.pom
2025-06-27 16:25:54,757 [Worker-6: Import Getting Started Content] INFO  o.e.m.c.i.e.AbstractTransferListenerAdapter - Downloaded https://repo.maven.apache.org/maven2/io/projectreactor/netty/reactor-netty-http/1.2.7/reactor-netty-http-1.2.7.pom
2025-06-27 16:25:54,780 [Worker-6: Import Getting Started Content] INFO  o.e.m.c.i.e.AbstractTransferListenerAdapter - Downloading https://repo.maven.apache.org/maven2/io/netty/netty-codec-http/4.1.122.Final/netty-codec-http-4.1.122.Final.pom
2025-06-27 16:25:54,783 [Worker-6: Import Getting Started Content] INFO  o.e.m.c.i.e.AbstractTransferListenerAdapter - Downloaded https://repo.maven.apache.org/maven2/io/netty/netty-codec-http/4.1.122.Final/netty-codec-http-4.1.122.Final.pom
2025-06-27 16:25:54,804 [Worker-6: Import Getting Started Content] INFO  o.e.m.c.i.e.AbstractTransferListenerAdapter - Downloading https://repo.maven.apache.org/maven2/io/netty/netty-parent/4.1.122.Final/netty-parent-4.1.122.Final.pom
2025-06-27 16:25:54,829 [Worker-6: Import Getting Started Content] INFO  o.e.m.c.i.e.AbstractTransferListenerAdapter - Downloaded https://repo.maven.apache.org/maven2/io/netty/netty-parent/4.1.122.Final/netty-parent-4.1.122.Final.pom
2025-06-27 16:25:54,854 [Worker-6: Import Getting Started Content] INFO  o.e.m.c.i.e.AbstractTransferListenerAdapter - Downloading https://repo.maven.apache.org/maven2/io/netty/netty-common/4.1.122.Final/netty-common-4.1.122.Final.pom
2025-06-27 16:25:54,856 [Worker-6: Import Getting Started Content] INFO  o.e.m.c.i.e.AbstractTransferListenerAdapter - Downloaded https://repo.maven.apache.org/maven2/io/netty/netty-common/4.1.122.Final/netty-common-4.1.122.Final.pom
2025-06-27 16:25:54,878 [Worker-6: Import Getting Started Content] INFO  o.e.m.c.i.e.AbstractTransferListenerAdapter - Downloading https://repo.maven.apache.org/maven2/io/netty/netty-buffer/4.1.122.Final/netty-buffer-4.1.122.Final.pom
2025-06-27 16:25:54,880 [Worker-6: Import Getting Started Content] INFO  o.e.m.c.i.e.AbstractTransferListenerAdapter - Downloaded https://repo.maven.apache.org/maven2/io/netty/netty-buffer/4.1.122.Final/netty-buffer-4.1.122.Final.pom
2025-06-27 16:25:54,898 [Worker-6: Import Getting Started Content] INFO  o.e.m.c.i.e.AbstractTransferListenerAdapter - Downloading https://repo.maven.apache.org/maven2/io/netty/netty-transport/4.1.122.Final/netty-transport-4.1.122.Final.pom
2025-06-27 16:25:54,901 [Worker-6: Import Getting Started Content] INFO  o.e.m.c.i.e.AbstractTransferListenerAdapter - Downloaded https://repo.maven.apache.org/maven2/io/netty/netty-transport/4.1.122.Final/netty-transport-4.1.122.Final.pom
2025-06-27 16:25:54,922 [Worker-6: Import Getting Started Content] INFO  o.e.m.c.i.e.AbstractTransferListenerAdapter - Downloading https://repo.maven.apache.org/maven2/io/netty/netty-resolver/4.1.122.Final/netty-resolver-4.1.122.Final.pom
2025-06-27 16:25:54,930 [Worker-6: Import Getting Started Content] INFO  o.e.m.c.i.e.AbstractTransferListenerAdapter - Downloaded https://repo.maven.apache.org/maven2/io/netty/netty-resolver/4.1.122.Final/netty-resolver-4.1.122.Final.pom
2025-06-27 16:25:54,958 [Worker-6: Import Getting Started Content] INFO  o.e.m.c.i.e.AbstractTransferListenerAdapter - Downloading https://repo.maven.apache.org/maven2/io/netty/netty-codec/4.1.122.Final/netty-codec-4.1.122.Final.pom
2025-06-27 16:25:54,961 [Worker-6: Import Getting Started Content] INFO  o.e.m.c.i.e.AbstractTransferListenerAdapter - Downloaded https://repo.maven.apache.org/maven2/io/netty/netty-codec/4.1.122.Final/netty-codec-4.1.122.Final.pom
2025-06-27 16:25:54,985 [Worker-6: Import Getting Started Content] INFO  o.e.m.c.i.e.AbstractTransferListenerAdapter - Downloading https://repo.maven.apache.org/maven2/io/netty/netty-handler/4.1.122.Final/netty-handler-4.1.122.Final.pom
2025-06-27 16:25:54,988 [Worker-6: Import Getting Started Content] INFO  o.e.m.c.i.e.AbstractTransferListenerAdapter - Downloaded https://repo.maven.apache.org/maven2/io/netty/netty-handler/4.1.122.Final/netty-handler-4.1.122.Final.pom
2025-06-27 16:25:55,007 [Worker-6: Import Getting Started Content] INFO  o.e.m.c.i.e.AbstractTransferListenerAdapter - Downloading https://repo.maven.apache.org/maven2/io/netty/netty-transport-native-unix-common/4.1.122.Final/netty-transport-native-unix-common-4.1.122.Final.pom
2025-06-27 16:25:55,012 [Worker-6: Import Getting Started Content] INFO  o.e.m.c.i.e.AbstractTransferListenerAdapter - Downloaded https://repo.maven.apache.org/maven2/io/netty/netty-transport-native-unix-common/4.1.122.Final/netty-transport-native-unix-common-4.1.122.Final.pom
2025-06-27 16:25:55,038 [Worker-6: Import Getting Started Content] INFO  o.e.m.c.i.e.AbstractTransferListenerAdapter - Downloading https://repo.maven.apache.org/maven2/io/netty/netty-codec-http2/4.1.122.Final/netty-codec-http2-4.1.122.Final.pom
2025-06-27 16:25:55,042 [Worker-6: Import Getting Started Content] INFO  o.e.m.c.i.e.AbstractTransferListenerAdapter - Downloaded https://repo.maven.apache.org/maven2/io/netty/netty-codec-http2/4.1.122.Final/netty-codec-http2-4.1.122.Final.pom
2025-06-27 16:25:55,064 [Worker-6: Import Getting Started Content] INFO  o.e.m.c.i.e.AbstractTransferListenerAdapter - Downloading https://repo.maven.apache.org/maven2/io/netty/netty-resolver-dns/4.1.122.Final/netty-resolver-dns-4.1.122.Final.pom
2025-06-27 16:25:55,066 [Worker-6: Import Getting Started Content] INFO  o.e.m.c.i.e.AbstractTransferListenerAdapter - Downloaded https://repo.maven.apache.org/maven2/io/netty/netty-resolver-dns/4.1.122.Final/netty-resolver-dns-4.1.122.Final.pom
2025-06-27 16:25:55,088 [Worker-6: Import Getting Started Content] INFO  o.e.m.c.i.e.AbstractTransferListenerAdapter - Downloading https://repo.maven.apache.org/maven2/io/netty/netty-codec-dns/4.1.122.Final/netty-codec-dns-4.1.122.Final.pom
2025-06-27 16:25:55,091 [Worker-6: Import Getting Started Content] INFO  o.e.m.c.i.e.AbstractTransferListenerAdapter - Downloaded https://repo.maven.apache.org/maven2/io/netty/netty-codec-dns/4.1.122.Final/netty-codec-dns-4.1.122.Final.pom
2025-06-27 16:25:55,114 [Worker-6: Import Getting Started Content] INFO  o.e.m.c.i.e.AbstractTransferListenerAdapter - Downloading https://repo.maven.apache.org/maven2/io/netty/netty-resolver-dns-native-macos/4.1.122.Final/netty-resolver-dns-native-macos-4.1.122.Final.pom
2025-06-27 16:25:55,117 [Worker-6: Import Getting Started Content] INFO  o.e.m.c.i.e.AbstractTransferListenerAdapter - Downloaded https://repo.maven.apache.org/maven2/io/netty/netty-resolver-dns-native-macos/4.1.122.Final/netty-resolver-dns-native-macos-4.1.122.Final.pom
2025-06-27 16:25:55,139 [Worker-6: Import Getting Started Content] INFO  o.e.m.c.i.e.AbstractTransferListenerAdapter - Downloading https://repo.maven.apache.org/maven2/io/netty/netty-resolver-dns-classes-macos/4.1.122.Final/netty-resolver-dns-classes-macos-4.1.122.Final.pom
2025-06-27 16:25:55,142 [Worker-6: Import Getting Started Content] INFO  o.e.m.c.i.e.AbstractTransferListenerAdapter - Downloaded https://repo.maven.apache.org/maven2/io/netty/netty-resolver-dns-classes-macos/4.1.122.Final/netty-resolver-dns-classes-macos-4.1.122.Final.pom
2025-06-27 16:25:55,164 [Worker-6: Import Getting Started Content] INFO  o.e.m.c.i.e.AbstractTransferListenerAdapter - Downloading https://repo.maven.apache.org/maven2/io/netty/netty-transport-native-epoll/4.1.122.Final/netty-transport-native-epoll-4.1.122.Final.pom
2025-06-27 16:25:55,168 [Worker-6: Import Getting Started Content] INFO  o.e.m.c.i.e.AbstractTransferListenerAdapter - Downloaded https://repo.maven.apache.org/maven2/io/netty/netty-transport-native-epoll/4.1.122.Final/netty-transport-native-epoll-4.1.122.Final.pom
2025-06-27 16:25:55,190 [Worker-6: Import Getting Started Content] INFO  o.e.m.c.i.e.AbstractTransferListenerAdapter - Downloading https://repo.maven.apache.org/maven2/io/netty/netty-transport-classes-epoll/4.1.122.Final/netty-transport-classes-epoll-4.1.122.Final.pom
2025-06-27 16:25:55,193 [Worker-6: Import Getting Started Content] INFO  o.e.m.c.i.e.AbstractTransferListenerAdapter - Downloaded https://repo.maven.apache.org/maven2/io/netty/netty-transport-classes-epoll/4.1.122.Final/netty-transport-classes-epoll-4.1.122.Final.pom
2025-06-27 16:25:55,214 [Worker-6: Import Getting Started Content] INFO  o.e.m.c.i.e.AbstractTransferListenerAdapter - Downloading https://repo.maven.apache.org/maven2/io/projectreactor/netty/reactor-netty-core/1.2.7/reactor-netty-core-1.2.7.pom
2025-06-27 16:25:55,221 [Worker-6: Import Getting Started Content] INFO  o.e.m.c.i.e.AbstractTransferListenerAdapter - Downloaded https://repo.maven.apache.org/maven2/io/projectreactor/netty/reactor-netty-core/1.2.7/reactor-netty-core-1.2.7.pom
2025-06-27 16:25:55,242 [Worker-6: Import Getting Started Content] INFO  o.e.m.c.i.e.AbstractTransferListenerAdapter - Downloading https://repo.maven.apache.org/maven2/io/netty/netty-handler-proxy/4.1.122.Final/netty-handler-proxy-4.1.122.Final.pom
2025-06-27 16:25:55,245 [Worker-6: Import Getting Started Content] INFO  o.e.m.c.i.e.AbstractTransferListenerAdapter - Downloaded https://repo.maven.apache.org/maven2/io/netty/netty-handler-proxy/4.1.122.Final/netty-handler-proxy-4.1.122.Final.pom
2025-06-27 16:25:55,266 [Worker-6: Import Getting Started Content] INFO  o.e.m.c.i.e.AbstractTransferListenerAdapter - Downloading https://repo.maven.apache.org/maven2/io/netty/netty-codec-socks/4.1.122.Final/netty-codec-socks-4.1.122.Final.pom
2025-06-27 16:25:55,269 [Worker-6: Import Getting Started Content] INFO  o.e.m.c.i.e.AbstractTransferListenerAdapter - Downloaded https://repo.maven.apache.org/maven2/io/netty/netty-codec-socks/4.1.122.Final/netty-codec-socks-4.1.122.Final.pom
2025-06-27 16:25:55,292 [Worker-6: Import Getting Started Content] INFO  o.e.m.c.i.e.AbstractTransferListenerAdapter - Downloading https://repo.maven.apache.org/maven2/org/springframework/spring-webflux/6.2.8/spring-webflux-6.2.8.pom
2025-06-27 16:25:55,295 [Worker-6: Import Getting Started Content] INFO  o.e.m.c.i.e.AbstractTransferListenerAdapter - Downloaded https://repo.maven.apache.org/maven2/org/springframework/spring-webflux/6.2.8/spring-webflux-6.2.8.pom
2025-06-27 16:25:55,439 [Worker-6: Import Getting Started Content] INFO  o.e.m.c.i.e.AbstractTransferListenerAdapter - Downloading https://repo.maven.apache.org/maven2/io/projectreactor/reactor-test/3.7.7/reactor-test-3.7.7.pom
2025-06-27 16:25:55,441 [Worker-6: Import Getting Started Content] INFO  o.e.m.c.i.e.AbstractTransferListenerAdapter - Downloaded https://repo.maven.apache.org/maven2/io/projectreactor/reactor-test/3.7.7/reactor-test-3.7.7.pom
2025-06-27 16:25:55,545 [Worker-6: Import Getting Started Content] INFO  o.e.m.c.i.e.AbstractTransferListenerAdapter - Downloading https://repo.maven.apache.org/maven2/org/springframework/boot/spring-boot-starter-webflux/3.5.3/spring-boot-starter-webflux-3.5.3.jar
2025-06-27 16:25:55,548 [Worker-6: Import Getting Started Content] INFO  o.e.m.c.i.e.AbstractTransferListenerAdapter - Downloaded https://repo.maven.apache.org/maven2/org/springframework/boot/spring-boot-starter-webflux/3.5.3/spring-boot-starter-webflux-3.5.3.jar
2025-06-27 16:25:55,570 [BasicRepositoryConnector-repo.maven.apache.org-2-1] INFO  o.e.m.c.i.e.AbstractTransferListenerAdapter - Downloading https://repo.maven.apache.org/maven2/io/projectreactor/netty/reactor-netty-http/1.2.7/reactor-netty-http-1.2.7.jar
2025-06-27 16:25:55,616 [BasicRepositoryConnector-repo.maven.apache.org-2-0] INFO  o.e.m.c.i.e.AbstractTransferListenerAdapter - Downloading https://repo.maven.apache.org/maven2/org/springframework/boot/spring-boot-starter-reactor-netty/3.5.3/spring-boot-starter-reactor-netty-3.5.3.jar
2025-06-27 16:25:55,616 [BasicRepositoryConnector-repo.maven.apache.org-2-4] INFO  o.e.m.c.i.e.AbstractTransferListenerAdapter - Downloading https://repo.maven.apache.org/maven2/io/netty/netty-buffer/4.1.122.Final/netty-buffer-4.1.122.Final.jar
2025-06-27 16:25:55,616 [BasicRepositoryConnector-repo.maven.apache.org-2-3] INFO  o.e.m.c.i.e.AbstractTransferListenerAdapter - Downloading https://repo.maven.apache.org/maven2/io/netty/netty-common/4.1.122.Final/netty-common-4.1.122.Final.jar
2025-06-27 16:25:55,619 [BasicRepositoryConnector-repo.maven.apache.org-2-2] INFO  o.e.m.c.i.e.AbstractTransferListenerAdapter - Downloading https://repo.maven.apache.org/maven2/io/netty/netty-codec-http/4.1.122.Final/netty-codec-http-4.1.122.Final.jar
2025-06-27 16:25:55,619 [BasicRepositoryConnector-repo.maven.apache.org-2-0] INFO  o.e.m.c.i.e.AbstractTransferListenerAdapter - Downloaded https://repo.maven.apache.org/maven2/org/springframework/boot/spring-boot-starter-reactor-netty/3.5.3/spring-boot-starter-reactor-netty-3.5.3.jar
2025-06-27 16:25:55,639 [BasicRepositoryConnector-repo.maven.apache.org-2-0] INFO  o.e.m.c.i.e.AbstractTransferListenerAdapter - Downloading https://repo.maven.apache.org/maven2/io/netty/netty-transport/4.1.122.Final/netty-transport-4.1.122.Final.jar
2025-06-27 16:25:55,743 [BasicRepositoryConnector-repo.maven.apache.org-2-4] INFO  o.e.m.c.i.e.AbstractTransferListenerAdapter - Downloaded https://repo.maven.apache.org/maven2/io/netty/netty-buffer/4.1.122.Final/netty-buffer-4.1.122.Final.jar
2025-06-27 16:25:55,757 [BasicRepositoryConnector-repo.maven.apache.org-2-1] INFO  o.e.m.c.i.e.AbstractTransferListenerAdapter - Downloaded https://repo.maven.apache.org/maven2/io/projectreactor/netty/reactor-netty-http/1.2.7/reactor-netty-http-1.2.7.jar
2025-06-27 16:25:55,764 [BasicRepositoryConnector-repo.maven.apache.org-2-4] INFO  o.e.m.c.i.e.AbstractTransferListenerAdapter - Downloading https://repo.maven.apache.org/maven2/io/netty/netty-codec/4.1.122.Final/netty-codec-4.1.122.Final.jar
2025-06-27 16:25:55,777 [BasicRepositoryConnector-repo.maven.apache.org-2-1] INFO  o.e.m.c.i.e.AbstractTransferListenerAdapter - Downloading https://repo.maven.apache.org/maven2/io/netty/netty-handler/4.1.122.Final/netty-handler-4.1.122.Final.jar
2025-06-27 16:25:55,811 [BasicRepositoryConnector-repo.maven.apache.org-2-2] INFO  o.e.m.c.i.e.AbstractTransferListenerAdapter - Downloaded https://repo.maven.apache.org/maven2/io/netty/netty-codec-http/4.1.122.Final/netty-codec-http-4.1.122.Final.jar
2025-06-27 16:25:55,830 [BasicRepositoryConnector-repo.maven.apache.org-2-2] INFO  o.e.m.c.i.e.AbstractTransferListenerAdapter - Downloading https://repo.maven.apache.org/maven2/io/netty/netty-codec-http2/4.1.122.Final/netty-codec-http2-4.1.122.Final.jar
2025-06-27 16:25:55,831 [BasicRepositoryConnector-repo.maven.apache.org-2-0] INFO  o.e.m.c.i.e.AbstractTransferListenerAdapter - Downloaded https://repo.maven.apache.org/maven2/io/netty/netty-transport/4.1.122.Final/netty-transport-4.1.122.Final.jar
2025-06-27 16:25:55,845 [BasicRepositoryConnector-repo.maven.apache.org-2-3] INFO  o.e.m.c.i.e.AbstractTransferListenerAdapter - Downloaded https://repo.maven.apache.org/maven2/io/netty/netty-common/4.1.122.Final/netty-common-4.1.122.Final.jar
2025-06-27 16:25:55,852 [BasicRepositoryConnector-repo.maven.apache.org-2-0] INFO  o.e.m.c.i.e.AbstractTransferListenerAdapter - Downloading https://repo.maven.apache.org/maven2/io/netty/netty-resolver-dns/4.1.122.Final/netty-resolver-dns-4.1.122.Final.jar
2025-06-27 16:25:55,854 [BasicRepositoryConnector-repo.maven.apache.org-2-4] INFO  o.e.m.c.i.e.AbstractTransferListenerAdapter - Downloaded https://repo.maven.apache.org/maven2/io/netty/netty-codec/4.1.122.Final/netty-codec-4.1.122.Final.jar
2025-06-27 16:25:55,864 [BasicRepositoryConnector-repo.maven.apache.org-2-3] INFO  o.e.m.c.i.e.AbstractTransferListenerAdapter - Downloading https://repo.maven.apache.org/maven2/io/netty/netty-resolver/4.1.122.Final/netty-resolver-4.1.122.Final.jar
2025-06-27 16:25:55,868 [BasicRepositoryConnector-repo.maven.apache.org-2-3] INFO  o.e.m.c.i.e.AbstractTransferListenerAdapter - Downloaded https://repo.maven.apache.org/maven2/io/netty/netty-resolver/4.1.122.Final/netty-resolver-4.1.122.Final.jar
2025-06-27 16:25:55,870 [BasicRepositoryConnector-repo.maven.apache.org-2-4] INFO  o.e.m.c.i.e.AbstractTransferListenerAdapter - Downloading https://repo.maven.apache.org/maven2/io/netty/netty-codec-dns/4.1.122.Final/netty-codec-dns-4.1.122.Final.jar
2025-06-27 16:25:55,887 [BasicRepositoryConnector-repo.maven.apache.org-2-4] INFO  o.e.m.c.i.e.AbstractTransferListenerAdapter - Downloaded https://repo.maven.apache.org/maven2/io/netty/netty-codec-dns/4.1.122.Final/netty-codec-dns-4.1.122.Final.jar
2025-06-27 16:25:55,966 [BasicRepositoryConnector-repo.maven.apache.org-2-3] INFO  o.e.m.c.i.e.AbstractTransferListenerAdapter - Downloading https://repo.maven.apache.org/maven2/io/netty/netty-resolver-dns-native-macos/4.1.122.Final/netty-resolver-dns-native-macos-4.1.122.Final-osx-x86_64.jar
2025-06-27 16:25:55,966 [BasicRepositoryConnector-repo.maven.apache.org-2-4] INFO  o.e.m.c.i.e.AbstractTransferListenerAdapter - Downloading https://repo.maven.apache.org/maven2/io/netty/netty-resolver-dns-classes-macos/4.1.122.Final/netty-resolver-dns-classes-macos-4.1.122.Final.jar
2025-06-27 16:25:55,971 [BasicRepositoryConnector-repo.maven.apache.org-2-1] INFO  o.e.m.c.i.e.AbstractTransferListenerAdapter - Downloaded https://repo.maven.apache.org/maven2/io/netty/netty-handler/4.1.122.Final/netty-handler-4.1.122.Final.jar
2025-06-27 16:25:55,972 [BasicRepositoryConnector-repo.maven.apache.org-2-4] INFO  o.e.m.c.i.e.AbstractTransferListenerAdapter - Downloaded https://repo.maven.apache.org/maven2/io/netty/netty-resolver-dns-classes-macos/4.1.122.Final/netty-resolver-dns-classes-macos-4.1.122.Final.jar
2025-06-27 16:25:55,972 [BasicRepositoryConnector-repo.maven.apache.org-2-0] INFO  o.e.m.c.i.e.AbstractTransferListenerAdapter - Downloaded https://repo.maven.apache.org/maven2/io/netty/netty-resolver-dns/4.1.122.Final/netty-resolver-dns-4.1.122.Final.jar
2025-06-27 16:25:55,972 [BasicRepositoryConnector-repo.maven.apache.org-2-3] INFO  o.e.m.c.i.e.AbstractTransferListenerAdapter - Downloaded https://repo.maven.apache.org/maven2/io/netty/netty-resolver-dns-native-macos/4.1.122.Final/netty-resolver-dns-native-macos-4.1.122.Final-osx-x86_64.jar
2025-06-27 16:25:55,973 [BasicRepositoryConnector-repo.maven.apache.org-2-2] INFO  o.e.m.c.i.e.AbstractTransferListenerAdapter - Downloaded https://repo.maven.apache.org/maven2/io/netty/netty-codec-http2/4.1.122.Final/netty-codec-http2-4.1.122.Final.jar
2025-06-27 16:25:55,985 [BasicRepositoryConnector-repo.maven.apache.org-2-1] INFO  o.e.m.c.i.e.AbstractTransferListenerAdapter - Downloading https://repo.maven.apache.org/maven2/io/netty/netty-transport-native-epoll/4.1.122.Final/netty-transport-native-epoll-4.1.122.Final-linux-x86_64.jar
2025-06-27 16:25:55,988 [BasicRepositoryConnector-repo.maven.apache.org-2-3] INFO  o.e.m.c.i.e.AbstractTransferListenerAdapter - Downloading https://repo.maven.apache.org/maven2/io/projectreactor/netty/reactor-netty-core/1.2.7/reactor-netty-core-1.2.7.jar
2025-06-27 16:25:55,989 [BasicRepositoryConnector-repo.maven.apache.org-2-4] INFO  o.e.m.c.i.e.AbstractTransferListenerAdapter - Downloading https://repo.maven.apache.org/maven2/io/netty/netty-transport-native-unix-common/4.1.122.Final/netty-transport-native-unix-common-4.1.122.Final.jar
2025-06-27 16:25:55,990 [BasicRepositoryConnector-repo.maven.apache.org-2-1] INFO  o.e.m.c.i.e.AbstractTransferListenerAdapter - Downloaded https://repo.maven.apache.org/maven2/io/netty/netty-transport-native-epoll/4.1.122.Final/netty-transport-native-epoll-4.1.122.Final-linux-x86_64.jar
2025-06-27 16:25:55,990 [BasicRepositoryConnector-repo.maven.apache.org-2-2] INFO  o.e.m.c.i.e.AbstractTransferListenerAdapter - Downloading https://repo.maven.apache.org/maven2/io/netty/netty-handler-proxy/4.1.122.Final/netty-handler-proxy-4.1.122.Final.jar
2025-06-27 16:25:55,991 [BasicRepositoryConnector-repo.maven.apache.org-2-0] INFO  o.e.m.c.i.e.AbstractTransferListenerAdapter - Downloading https://repo.maven.apache.org/maven2/io/netty/netty-transport-classes-epoll/4.1.122.Final/netty-transport-classes-epoll-4.1.122.Final.jar
2025-06-27 16:25:55,997 [BasicRepositoryConnector-repo.maven.apache.org-2-4] INFO  o.e.m.c.i.e.AbstractTransferListenerAdapter - Downloaded https://repo.maven.apache.org/maven2/io/netty/netty-transport-native-unix-common/4.1.122.Final/netty-transport-native-unix-common-4.1.122.Final.jar
2025-06-27 16:25:55,998 [BasicRepositoryConnector-repo.maven.apache.org-2-2] INFO  o.e.m.c.i.e.AbstractTransferListenerAdapter - Downloaded https://repo.maven.apache.org/maven2/io/netty/netty-handler-proxy/4.1.122.Final/netty-handler-proxy-4.1.122.Final.jar
2025-06-27 16:25:56,015 [BasicRepositoryConnector-repo.maven.apache.org-2-1] INFO  o.e.m.c.i.e.AbstractTransferListenerAdapter - Downloading https://repo.maven.apache.org/maven2/io/netty/netty-codec-socks/4.1.122.Final/netty-codec-socks-4.1.122.Final.jar
2025-06-27 16:25:56,019 [BasicRepositoryConnector-repo.maven.apache.org-2-2] INFO  o.e.m.c.i.e.AbstractTransferListenerAdapter - Downloading https://repo.maven.apache.org/maven2/io/projectreactor/reactor-test/3.7.7/reactor-test-3.7.7.jar
2025-06-27 16:25:56,020 [BasicRepositoryConnector-repo.maven.apache.org-2-4] INFO  o.e.m.c.i.e.AbstractTransferListenerAdapter - Downloading https://repo.maven.apache.org/maven2/org/springframework/spring-webflux/6.2.8/spring-webflux-6.2.8.jar
2025-06-27 16:25:56,040 [BasicRepositoryConnector-repo.maven.apache.org-2-0] INFO  o.e.m.c.i.e.AbstractTransferListenerAdapter - Downloaded https://repo.maven.apache.org/maven2/io/netty/netty-transport-classes-epoll/4.1.122.Final/netty-transport-classes-epoll-4.1.122.Final.jar
2025-06-27 16:25:56,042 [BasicRepositoryConnector-repo.maven.apache.org-2-1] INFO  o.e.m.c.i.e.AbstractTransferListenerAdapter - Downloaded https://repo.maven.apache.org/maven2/io/netty/netty-codec-socks/4.1.122.Final/netty-codec-socks-4.1.122.Final.jar
2025-06-27 16:25:56,052 [BasicRepositoryConnector-repo.maven.apache.org-2-2] INFO  o.e.m.c.i.e.AbstractTransferListenerAdapter - Downloaded https://repo.maven.apache.org/maven2/io/projectreactor/reactor-test/3.7.7/reactor-test-3.7.7.jar
2025-06-27 16:25:56,130 [BasicRepositoryConnector-repo.maven.apache.org-2-3] INFO  o.e.m.c.i.e.AbstractTransferListenerAdapter - Downloaded https://repo.maven.apache.org/maven2/io/projectreactor/netty/reactor-netty-core/1.2.7/reactor-netty-core-1.2.7.jar
2025-06-27 16:25:56,279 [BasicRepositoryConnector-repo.maven.apache.org-2-4] INFO  o.e.m.c.i.e.AbstractTransferListenerAdapter - Downloaded https://repo.maven.apache.org/maven2/org/springframework/spring-webflux/6.2.8/spring-webflux-6.2.8.jar
2025-06-27 16:25:56,511 [Worker-6: Import Getting Started Content] INFO  o.e.m.j.i.AbstractJavaProjectConfigurator - Adding source folder /load-balancer-demo/src/main/java
2025-06-27 16:25:56,512 [Worker-6: Import Getting Started Content] INFO  o.e.m.j.i.AbstractJavaProjectConfigurator - Adding resource folder /load-balancer-demo/src/main/resources
2025-06-27 16:25:56,514 [Worker-6: Import Getting Started Content] INFO  o.e.m.j.i.AbstractJavaProjectConfigurator - Adding resource folder /load-balancer-demo/src/main/resources
2025-06-27 16:25:56,515 [Worker-6: Import Getting Started Content] INFO  o.e.m.j.i.AbstractJavaProjectConfigurator - Adding source folder /load-balancer-demo/src/test/java
2025-06-27 16:25:56,515 [Worker-6: Import Getting Started Content] INFO  o.e.m.j.i.AbstractJavaProjectConfigurator - Adding resource folder /load-balancer-demo/src/test/resources
2025-06-27 16:25:56,760 [Worker-6: Import Getting Started Content] INFO  o.e.m.c.i.p.ProjectConfigurationManager - Imported and configured 1 project(s) in 2 sec
2025-06-27 16:25:56,761 [Worker-6: Import Getting Started Content] INFO  o.e.m.c.i.p.ProjectConfigurationManager - Update started
2025-06-27 16:25:57,018 [Worker-6: Import Getting Started Content] INFO  o.e.m.c.i.l.LifecycleMappingFactory - Using org.eclipse.m2e.jdt.JarLifecycleMapping lifecycle mapping for MavenProject: com.harman.demo:load-balancer-demo:0.0.1-SNAPSHOT @ D:\Jag\harman_training\Training\microservices\load-balancer-demo\pom.xml.
2025-06-27 16:25:57,437 [Worker-15: Download sources and javadoc] INFO  o.e.m.c.i.e.AbstractTransferListenerAdapter - Downloading https://repo.maven.apache.org/maven2/org/springframework/boot/spring-boot-starter-webflux/3.5.3/spring-boot-starter-webflux-3.5.3-sources.jar
2025-06-27 16:25:57,441 [Worker-15: Download sources and javadoc] INFO  o.e.m.c.i.e.AbstractTransferListenerAdapter - Downloaded https://repo.maven.apache.org/maven2/org/springframework/boot/spring-boot-starter-webflux/3.5.3/spring-boot-starter-webflux-3.5.3-sources.jar
2025-06-27 16:25:57,444 [Worker-15: Download sources and javadoc] INFO  o.e.m.j.internal.DownloadSourcesJob - Downloaded sources for org.springframework.boot:spring-boot-starter-webflux:3.5.3
2025-06-27 16:25:57,510 [Worker-15: Download sources and javadoc] INFO  o.e.m.c.i.e.AbstractTransferListenerAdapter - Downloading https://repo.maven.apache.org/maven2/org/springframework/boot/spring-boot-starter-reactor-netty/3.5.3/spring-boot-starter-reactor-netty-3.5.3-sources.jar
2025-06-27 16:25:57,514 [Worker-15: Download sources and javadoc] INFO  o.e.m.c.i.e.AbstractTransferListenerAdapter - Downloaded https://repo.maven.apache.org/maven2/org/springframework/boot/spring-boot-starter-reactor-netty/3.5.3/spring-boot-starter-reactor-netty-3.5.3-sources.jar
2025-06-27 16:25:57,519 [Worker-15: Download sources and javadoc] INFO  o.e.m.j.internal.DownloadSourcesJob - Downloaded sources for org.springframework.boot:spring-boot-starter-reactor-netty:3.5.3
2025-06-27 16:25:57,585 [Worker-15: Download sources and javadoc] INFO  o.e.m.c.i.e.AbstractTransferListenerAdapter - Downloading https://repo.maven.apache.org/maven2/io/projectreactor/netty/reactor-netty-http/1.2.7/reactor-netty-http-1.2.7-sources.jar
2025-06-27 16:25:57,607 [Worker-6: Import Getting Started Content] INFO  o.e.m.j.i.AbstractJavaProjectConfigurator - Adding source folder /load-balancer-demo/src/main/java
2025-06-27 16:25:57,608 [Worker-6: Import Getting Started Content] INFO  o.e.m.j.i.AbstractJavaProjectConfigurator - Adding resource folder /load-balancer-demo/src/main/resources
2025-06-27 16:25:57,609 [Worker-6: Import Getting Started Content] INFO  o.e.m.j.i.AbstractJavaProjectConfigurator - Adding resource folder /load-balancer-demo/src/main/resources
2025-06-27 16:25:57,609 [Worker-6: Import Getting Started Content] INFO  o.e.m.j.i.AbstractJavaProjectConfigurator - Adding source folder /load-balancer-demo/src/test/java
2025-06-27 16:25:57,610 [Worker-6: Import Getting Started Content] INFO  o.e.m.j.i.AbstractJavaProjectConfigurator - Adding resource folder /load-balancer-demo/src/test/resources
2025-06-27 16:25:57,673 [Worker-15: Download sources and javadoc] INFO  o.e.m.c.i.e.AbstractTransferListenerAdapter - Downloaded https://repo.maven.apache.org/maven2/io/projectreactor/netty/reactor-netty-http/1.2.7/reactor-netty-http-1.2.7-sources.jar
2025-06-27 16:25:57,676 [Worker-15: Download sources and javadoc] INFO  o.e.m.j.internal.DownloadSourcesJob - Downloaded sources for io.projectreactor.netty:reactor-netty-http:1.2.7
2025-06-27 16:25:57,734 [Worker-15: Download sources and javadoc] INFO  o.e.m.c.i.e.AbstractTransferListenerAdapter - Downloading https://repo.maven.apache.org/maven2/io/netty/netty-codec-http/4.1.122.Final/netty-codec-http-4.1.122.Final-sources.jar
2025-06-27 16:25:57,894 [Worker-15: Download sources and javadoc] INFO  o.e.m.c.i.e.AbstractTransferListenerAdapter - Downloaded https://repo.maven.apache.org/maven2/io/netty/netty-codec-http/4.1.122.Final/netty-codec-http-4.1.122.Final-sources.jar
2025-06-27 16:25:57,899 [Worker-15: Download sources and javadoc] INFO  o.e.m.j.internal.DownloadSourcesJob - Downloaded sources for io.netty:netty-codec-http:4.1.122.Final
2025-06-27 16:25:57,923 [Worker-6: Import Getting Started Content] INFO  o.e.m.c.i.p.ProjectConfigurationManager - Update completed for 1 poms: local refresh takes 0.00 sec, refresh facades takes 0.00 sec, update config takes 0.00 sec 
2025-06-27 16:25:57,973 [Worker-15: Download sources and javadoc] INFO  o.e.m.c.i.e.AbstractTransferListenerAdapter - Downloading https://repo.maven.apache.org/maven2/io/netty/netty-common/4.1.122.Final/netty-common-4.1.122.Final-sources.jar
2025-06-27 16:25:58,161 [Worker-15: Download sources and javadoc] INFO  o.e.m.c.i.e.AbstractTransferListenerAdapter - Downloaded https://repo.maven.apache.org/maven2/io/netty/netty-common/4.1.122.Final/netty-common-4.1.122.Final-sources.jar
2025-06-27 16:25:58,165 [Worker-15: Download sources and javadoc] INFO  o.e.m.j.internal.DownloadSourcesJob - Downloaded sources for io.netty:netty-common:4.1.122.Final
2025-06-27 16:25:58,247 [Worker-15: Download sources and javadoc] INFO  o.e.m.c.i.e.AbstractTransferListenerAdapter - Downloading https://repo.maven.apache.org/maven2/io/netty/netty-buffer/4.1.122.Final/netty-buffer-4.1.122.Final-sources.jar
2025-06-27 16:25:58,270 [Worker-8: Building] INFO  o.a.m.s.f.DefaultMavenResourcesFiltering - Copying 1 resource from src\main\resources to target\classes
2025-06-27 16:25:58,287 [Worker-8: Building] INFO  o.a.m.s.f.DefaultMavenResourcesFiltering - Copying 0 resource from src\main\resources to target\classes
2025-06-27 16:25:58,290 [Worker-8: Building] INFO  o.a.m.s.f.DefaultMavenResourcesFiltering - skip non existing resourceDirectory D:\Jag\harman_training\Training\microservices\load-balancer-demo\src\test\resources
2025-06-27 16:25:58,312 [Worker-15: Download sources and javadoc] INFO  o.e.m.c.i.e.AbstractTransferListenerAdapter - Downloaded https://repo.maven.apache.org/maven2/io/netty/netty-buffer/4.1.122.Final/netty-buffer-4.1.122.Final-sources.jar
2025-06-27 16:25:58,315 [Worker-15: Download sources and javadoc] INFO  o.e.m.j.internal.DownloadSourcesJob - Downloaded sources for io.netty:netty-buffer:4.1.122.Final
2025-06-27 16:25:58,381 [Worker-15: Download sources and javadoc] INFO  o.e.m.c.i.e.AbstractTransferListenerAdapter - Downloading https://repo.maven.apache.org/maven2/io/netty/netty-transport/4.1.122.Final/netty-transport-4.1.122.Final-sources.jar
2025-06-27 16:25:58,474 [Worker-15: Download sources and javadoc] INFO  o.e.m.c.i.e.AbstractTransferListenerAdapter - Downloaded https://repo.maven.apache.org/maven2/io/netty/netty-transport/4.1.122.Final/netty-transport-4.1.122.Final-sources.jar
2025-06-27 16:25:58,478 [Worker-15: Download sources and javadoc] INFO  o.e.m.j.internal.DownloadSourcesJob - Downloaded sources for io.netty:netty-transport:4.1.122.Final
2025-06-27 16:25:58,558 [Worker-15: Download sources and javadoc] INFO  o.e.m.c.i.e.AbstractTransferListenerAdapter - Downloading https://repo.maven.apache.org/maven2/io/netty/netty-codec/4.1.122.Final/netty-codec-4.1.122.Final-sources.jar
2025-06-27 16:25:58,637 [Worker-15: Download sources and javadoc] INFO  o.e.m.c.i.e.AbstractTransferListenerAdapter - Downloaded https://repo.maven.apache.org/maven2/io/netty/netty-codec/4.1.122.Final/netty-codec-4.1.122.Final-sources.jar
2025-06-27 16:25:58,641 [Worker-15: Download sources and javadoc] INFO  o.e.m.j.internal.DownloadSourcesJob - Downloaded sources for io.netty:netty-codec:4.1.122.Final
2025-06-27 16:25:58,697 [Worker-15: Download sources and javadoc] INFO  o.e.m.c.i.e.AbstractTransferListenerAdapter - Downloading https://repo.maven.apache.org/maven2/io/netty/netty-handler/4.1.122.Final/netty-handler-4.1.122.Final-sources.jar
2025-06-27 16:25:58,816 [Worker-15: Download sources and javadoc] INFO  o.e.m.c.i.e.AbstractTransferListenerAdapter - Downloaded https://repo.maven.apache.org/maven2/io/netty/netty-handler/4.1.122.Final/netty-handler-4.1.122.Final-sources.jar
2025-06-27 16:25:58,819 [Worker-15: Download sources and javadoc] INFO  o.e.m.j.internal.DownloadSourcesJob - Downloaded sources for io.netty:netty-handler:4.1.122.Final
2025-06-27 16:25:58,874 [Worker-15: Download sources and javadoc] INFO  o.e.m.c.i.e.AbstractTransferListenerAdapter - Downloading https://repo.maven.apache.org/maven2/io/netty/netty-codec-http2/4.1.122.Final/netty-codec-http2-4.1.122.Final-sources.jar
2025-06-27 16:25:58,957 [Worker-15: Download sources and javadoc] INFO  o.e.m.c.i.e.AbstractTransferListenerAdapter - Downloaded https://repo.maven.apache.org/maven2/io/netty/netty-codec-http2/4.1.122.Final/netty-codec-http2-4.1.122.Final-sources.jar
2025-06-27 16:25:58,960 [Worker-15: Download sources and javadoc] INFO  o.e.m.j.internal.DownloadSourcesJob - Downloaded sources for io.netty:netty-codec-http2:4.1.122.Final
2025-06-27 16:25:59,045 [Worker-15: Download sources and javadoc] INFO  o.e.m.c.i.e.AbstractTransferListenerAdapter - Downloading https://repo.maven.apache.org/maven2/io/netty/netty-resolver-dns/4.1.122.Final/netty-resolver-dns-4.1.122.Final-sources.jar
2025-06-27 16:25:59,091 [Worker-15: Download sources and javadoc] INFO  o.e.m.c.i.e.AbstractTransferListenerAdapter - Downloaded https://repo.maven.apache.org/maven2/io/netty/netty-resolver-dns/4.1.122.Final/netty-resolver-dns-4.1.122.Final-sources.jar
2025-06-27 16:25:59,099 [Worker-15: Download sources and javadoc] INFO  o.e.m.j.internal.DownloadSourcesJob - Downloaded sources for io.netty:netty-resolver-dns:4.1.122.Final
2025-06-27 16:25:59,167 [Worker-15: Download sources and javadoc] INFO  o.e.m.c.i.e.AbstractTransferListenerAdapter - Downloading https://repo.maven.apache.org/maven2/io/netty/netty-resolver/4.1.122.Final/netty-resolver-4.1.122.Final-sources.jar
2025-06-27 16:25:59,172 [Worker-15: Download sources and javadoc] INFO  o.e.m.c.i.e.AbstractTransferListenerAdapter - Downloaded https://repo.maven.apache.org/maven2/io/netty/netty-resolver/4.1.122.Final/netty-resolver-4.1.122.Final-sources.jar
2025-06-27 16:25:59,176 [Worker-15: Download sources and javadoc] INFO  o.e.m.j.internal.DownloadSourcesJob - Downloaded sources for io.netty:netty-resolver:4.1.122.Final
2025-06-27 16:25:59,287 [Worker-15: Download sources and javadoc] INFO  o.e.m.c.i.e.AbstractTransferListenerAdapter - Downloading https://repo.maven.apache.org/maven2/io/netty/netty-codec-dns/4.1.122.Final/netty-codec-dns-4.1.122.Final-sources.jar
2025-06-27 16:25:59,309 [Worker-15: Download sources and javadoc] INFO  o.e.m.c.i.e.AbstractTransferListenerAdapter - Downloaded https://repo.maven.apache.org/maven2/io/netty/netty-codec-dns/4.1.122.Final/netty-codec-dns-4.1.122.Final-sources.jar
2025-06-27 16:25:59,313 [Worker-15: Download sources and javadoc] INFO  o.e.m.j.internal.DownloadSourcesJob - Downloaded sources for io.netty:netty-codec-dns:4.1.122.Final
2025-06-27 16:25:59,370 [Worker-15: Download sources and javadoc] INFO  o.e.m.c.i.e.AbstractTransferListenerAdapter - Downloading https://repo.maven.apache.org/maven2/io/netty/netty-resolver-dns-native-macos/4.1.122.Final/netty-resolver-dns-native-macos-4.1.122.Final-sources.jar
2025-06-27 16:25:59,375 [Worker-15: Download sources and javadoc] INFO  o.e.m.c.i.e.AbstractTransferListenerAdapter - Downloaded https://repo.maven.apache.org/maven2/io/netty/netty-resolver-dns-native-macos/4.1.122.Final/netty-resolver-dns-native-macos-4.1.122.Final-sources.jar
2025-06-27 16:25:59,378 [Worker-15: Download sources and javadoc] INFO  o.e.m.j.internal.DownloadSourcesJob - Downloaded sources for io.netty:netty-resolver-dns-native-macos:4.1.122.Finalosx-x86_64
2025-06-27 16:25:59,433 [Worker-15: Download sources and javadoc] INFO  o.e.m.c.i.e.AbstractTransferListenerAdapter - Downloading https://repo.maven.apache.org/maven2/io/netty/netty-resolver-dns-classes-macos/4.1.122.Final/netty-resolver-dns-classes-macos-4.1.122.Final-sources.jar
2025-06-27 16:25:59,436 [Worker-15: Download sources and javadoc] INFO  o.e.m.c.i.e.AbstractTransferListenerAdapter - Downloaded https://repo.maven.apache.org/maven2/io/netty/netty-resolver-dns-classes-macos/4.1.122.Final/netty-resolver-dns-classes-macos-4.1.122.Final-sources.jar
2025-06-27 16:25:59,440 [Worker-15: Download sources and javadoc] INFO  o.e.m.j.internal.DownloadSourcesJob - Downloaded sources for io.netty:netty-resolver-dns-classes-macos:4.1.122.Final
2025-06-27 16:25:59,491 [Worker-15: Download sources and javadoc] INFO  o.e.m.c.i.e.AbstractTransferListenerAdapter - Downloading https://repo.maven.apache.org/maven2/io/netty/netty-transport-native-epoll/4.1.122.Final/netty-transport-native-epoll-4.1.122.Final-sources.jar
2025-06-27 16:25:59,498 [Worker-15: Download sources and javadoc] INFO  o.e.m.c.i.e.AbstractTransferListenerAdapter - Downloaded https://repo.maven.apache.org/maven2/io/netty/netty-transport-native-epoll/4.1.122.Final/netty-transport-native-epoll-4.1.122.Final-sources.jar
2025-06-27 16:25:59,501 [Worker-15: Download sources and javadoc] INFO  o.e.m.j.internal.DownloadSourcesJob - Downloaded sources for io.netty:netty-transport-native-epoll:4.1.122.Finallinux-x86_64
2025-06-27 16:25:59,560 [Worker-15: Download sources and javadoc] INFO  o.e.m.c.i.e.AbstractTransferListenerAdapter - Downloading https://repo.maven.apache.org/maven2/io/netty/netty-transport-native-unix-common/4.1.122.Final/netty-transport-native-unix-common-4.1.122.Final-sources.jar
2025-06-27 16:25:59,582 [Worker-15: Download sources and javadoc] INFO  o.e.m.c.i.e.AbstractTransferListenerAdapter - Downloaded https://repo.maven.apache.org/maven2/io/netty/netty-transport-native-unix-common/4.1.122.Final/netty-transport-native-unix-common-4.1.122.Final-sources.jar
2025-06-27 16:25:59,585 [Worker-15: Download sources and javadoc] INFO  o.e.m.j.internal.DownloadSourcesJob - Downloaded sources for io.netty:netty-transport-native-unix-common:4.1.122.Final
2025-06-27 16:25:59,643 [Worker-15: Download sources and javadoc] INFO  o.e.m.c.i.e.AbstractTransferListenerAdapter - Downloading https://repo.maven.apache.org/maven2/io/netty/netty-transport-classes-epoll/4.1.122.Final/netty-transport-classes-epoll-4.1.122.Final-sources.jar
2025-06-27 16:25:59,665 [Worker-15: Download sources and javadoc] INFO  o.e.m.c.i.e.AbstractTransferListenerAdapter - Downloaded https://repo.maven.apache.org/maven2/io/netty/netty-transport-classes-epoll/4.1.122.Final/netty-transport-classes-epoll-4.1.122.Final-sources.jar
2025-06-27 16:25:59,667 [Worker-15: Download sources and javadoc] INFO  o.e.m.j.internal.DownloadSourcesJob - Downloaded sources for io.netty:netty-transport-classes-epoll:4.1.122.Final
2025-06-27 16:25:59,721 [Worker-15: Download sources and javadoc] INFO  o.e.m.c.i.e.AbstractTransferListenerAdapter - Downloading https://repo.maven.apache.org/maven2/io/projectreactor/netty/reactor-netty-core/1.2.7/reactor-netty-core-1.2.7-sources.jar
2025-06-27 16:25:59,785 [Worker-15: Download sources and javadoc] INFO  o.e.m.c.i.e.AbstractTransferListenerAdapter - Downloaded https://repo.maven.apache.org/maven2/io/projectreactor/netty/reactor-netty-core/1.2.7/reactor-netty-core-1.2.7-sources.jar
2025-06-27 16:25:59,787 [Worker-15: Download sources and javadoc] INFO  o.e.m.j.internal.DownloadSourcesJob - Downloaded sources for io.projectreactor.netty:reactor-netty-core:1.2.7
2025-06-27 16:25:59,892 [Worker-15: Download sources and javadoc] INFO  o.e.m.c.i.e.AbstractTransferListenerAdapter - Downloading https://repo.maven.apache.org/maven2/io/netty/netty-handler-proxy/4.1.122.Final/netty-handler-proxy-4.1.122.Final-sources.jar
2025-06-27 16:25:59,895 [Worker-15: Download sources and javadoc] INFO  o.e.m.c.i.e.AbstractTransferListenerAdapter - Downloaded https://repo.maven.apache.org/maven2/io/netty/netty-handler-proxy/4.1.122.Final/netty-handler-proxy-4.1.122.Final-sources.jar
2025-06-27 16:25:59,897 [Worker-15: Download sources and javadoc] INFO  o.e.m.j.internal.DownloadSourcesJob - Downloaded sources for io.netty:netty-handler-proxy:4.1.122.Final
2025-06-27 16:25:59,955 [Worker-15: Download sources and javadoc] INFO  o.e.m.c.i.e.AbstractTransferListenerAdapter - Downloading https://repo.maven.apache.org/maven2/io/netty/netty-codec-socks/4.1.122.Final/netty-codec-socks-4.1.122.Final-sources.jar
2025-06-27 16:25:59,979 [Worker-15: Download sources and javadoc] INFO  o.e.m.c.i.e.AbstractTransferListenerAdapter - Downloaded https://repo.maven.apache.org/maven2/io/netty/netty-codec-socks/4.1.122.Final/netty-codec-socks-4.1.122.Final-sources.jar
2025-06-27 16:25:59,981 [Worker-15: Download sources and javadoc] INFO  o.e.m.j.internal.DownloadSourcesJob - Downloaded sources for io.netty:netty-codec-socks:4.1.122.Final
2025-06-27 16:26:00,032 [Worker-15: Download sources and javadoc] INFO  o.e.m.c.i.e.AbstractTransferListenerAdapter - Downloading https://repo.maven.apache.org/maven2/org/springframework/spring-webflux/6.2.8/spring-webflux-6.2.8-sources.jar
2025-06-27 16:26:00,176 [Worker-15: Download sources and javadoc] INFO  o.e.m.c.i.e.AbstractTransferListenerAdapter - Downloaded https://repo.maven.apache.org/maven2/org/springframework/spring-webflux/6.2.8/spring-webflux-6.2.8-sources.jar
2025-06-27 16:26:00,178 [Worker-15: Download sources and javadoc] INFO  o.e.m.j.internal.DownloadSourcesJob - Downloaded sources for org.springframework:spring-webflux:6.2.8
2025-06-27 16:26:00,232 [Worker-15: Download sources and javadoc] INFO  o.e.m.c.i.e.AbstractTransferListenerAdapter - Downloading https://repo.maven.apache.org/maven2/io/projectreactor/reactor-test/3.7.7/reactor-test-3.7.7-sources.jar
2025-06-27 16:26:00,265 [Worker-15: Download sources and javadoc] INFO  o.e.m.c.i.e.AbstractTransferListenerAdapter - Downloaded https://repo.maven.apache.org/maven2/io/projectreactor/reactor-test/3.7.7/reactor-test-3.7.7-sources.jar
2025-06-27 16:26:00,267 [Worker-15: Download sources and javadoc] INFO  o.e.m.j.internal.DownloadSourcesJob - Downloaded sources for io.projectreactor:reactor-test:3.7.7
2025-06-27 16:27:59,840 [Worker-7: Building] INFO  o.a.m.s.f.DefaultMavenResourcesFiltering - Copying 1 resource from src\main\resources to target\classes
2025-06-27 16:27:59,848 [Worker-7: Building] INFO  o.a.m.s.f.DefaultMavenResourcesFiltering - Copying 0 resource from src\main\resources to target\classes
2025-06-27 16:27:59,851 [Worker-7: Building] INFO  o.a.m.s.f.DefaultMavenResourcesFiltering - skip non existing resourceDirectory D:\Jag\harman_training\Training\microservices\service-1\src\test\resources
2025-06-27 16:28:20,423 [Worker-0: Building] INFO  o.a.m.s.f.DefaultMavenResourcesFiltering - Copying 1 resource from src\main\resources to target\classes
2025-06-27 16:28:20,426 [Worker-0: Building] INFO  o.a.m.s.f.DefaultMavenResourcesFiltering - Copying 0 resource from src\main\resources to target\classes
2025-06-27 16:28:20,428 [Worker-0: Building] INFO  o.a.m.s.f.DefaultMavenResourcesFiltering - skip non existing resourceDirectory D:\Jag\harman_training\Training\microservices\service-1\src\test\resources
2025-06-27 16:28:27,052 [Worker-8: Building] INFO  o.a.m.s.f.DefaultMavenResourcesFiltering - Copying 1 resource from src\main\resources to target\classes
2025-06-27 16:28:27,061 [Worker-8: Building] INFO  o.a.m.s.f.DefaultMavenResourcesFiltering - Copying 0 resource from src\main\resources to target\classes
2025-06-27 16:28:27,063 [Worker-8: Building] INFO  o.a.m.s.f.DefaultMavenResourcesFiltering - skip non existing resourceDirectory D:\Jag\harman_training\Training\microservices\service-2\src\test\resources
2025-06-27 16:28:32,743 [Worker-3: Building] INFO  o.a.m.s.f.DefaultMavenResourcesFiltering - Copying 1 resource from src\main\resources to target\classes
2025-06-27 16:28:32,748 [Worker-3: Building] INFO  o.a.m.s.f.DefaultMavenResourcesFiltering - Copying 0 resource from src\main\resources to target\classes
2025-06-27 16:28:32,750 [Worker-3: Building] INFO  o.a.m.s.f.DefaultMavenResourcesFiltering - skip non existing resourceDirectory D:\Jag\harman_training\Training\microservices\service-2\src\test\resources
2025-06-27 16:29:10,241 [Worker-4: Building] INFO  o.a.m.s.f.DefaultMavenResourcesFiltering - Copying 1 resource from src\main\resources to target\classes
2025-06-27 16:29:10,248 [Worker-4: Building] INFO  o.a.m.s.f.DefaultMavenResourcesFiltering - Copying 0 resource from src\main\resources to target\classes
2025-06-27 16:29:10,250 [Worker-4: Building] INFO  o.a.m.s.f.DefaultMavenResourcesFiltering - skip non existing resourceDirectory D:\Jag\harman_training\Training\microservices\load-balancer-demo\src\test\resources
2025-06-27 16:29:24,899 [Worker-8: Building] INFO  o.a.m.s.f.DefaultMavenResourcesFiltering - Copying 1 resource from src\main\resources to target\classes
2025-06-27 16:29:24,903 [Worker-8: Building] INFO  o.a.m.s.f.DefaultMavenResourcesFiltering - Copying 0 resource from src\main\resources to target\classes
2025-06-27 16:29:24,907 [Worker-8: Building] INFO  o.a.m.s.f.DefaultMavenResourcesFiltering - skip non existing resourceDirectory D:\Jag\harman_training\Training\microservices\load-balancer-demo\src\test\resources
2025-06-27 16:29:31,675 [Worker-10: Building] INFO  o.a.m.s.f.DefaultMavenResourcesFiltering - Copying 1 resource from src\main\resources to target\classes
2025-06-27 16:29:31,680 [Worker-10: Building] INFO  o.a.m.s.f.DefaultMavenResourcesFiltering - Copying 0 resource from src\main\resources to target\classes
2025-06-27 16:29:31,682 [Worker-10: Building] INFO  o.a.m.s.f.DefaultMavenResourcesFiltering - skip non existing resourceDirectory D:\Jag\harman_training\Training\microservices\load-balancer-demo\src\test\resources
2025-06-27 16:29:35,829 [Worker-13: Building] INFO  o.a.m.s.f.DefaultMavenResourcesFiltering - Copying 1 resource from src\main\resources to target\classes
2025-06-27 16:29:35,832 [Worker-13: Building] INFO  o.a.m.s.f.DefaultMavenResourcesFiltering - Copying 0 resource from src\main\resources to target\classes
2025-06-27 16:29:35,834 [Worker-13: Building] INFO  o.a.m.s.f.DefaultMavenResourcesFiltering - skip non existing resourceDirectory D:\Jag\harman_training\Training\microservices\load-balancer-demo\src\test\resources
2025-06-27 16:29:47,711 [Worker-4: Building] INFO  o.a.m.s.f.DefaultMavenResourcesFiltering - Copying 1 resource from src\main\resources to target\classes
2025-06-27 16:29:47,714 [Worker-4: Building] INFO  o.a.m.s.f.DefaultMavenResourcesFiltering - Copying 0 resource from src\main\resources to target\classes
2025-06-27 16:29:47,717 [Worker-4: Building] INFO  o.a.m.s.f.DefaultMavenResourcesFiltering - skip non existing resourceDirectory D:\Jag\harman_training\Training\microservices\load-balancer-demo\src\test\resources
2025-06-27 16:30:44,241 [Worker-7: Building] INFO  o.a.m.s.f.DefaultMavenResourcesFiltering - Copying 1 resource from src\main\resources to target\classes
2025-06-27 16:30:44,244 [Worker-7: Building] INFO  o.a.m.s.f.DefaultMavenResourcesFiltering - Copying 0 resource from src\main\resources to target\classes
2025-06-27 16:30:44,246 [Worker-7: Building] INFO  o.a.m.s.f.DefaultMavenResourcesFiltering - skip non existing resourceDirectory D:\Jag\harman_training\Training\microservices\load-balancer-demo\src\test\resources
2025-06-27 16:31:04,364 [Worker-7: Building] INFO  o.a.m.s.f.DefaultMavenResourcesFiltering - Copying 1 resource from src\main\resources to target\classes
2025-06-27 16:31:04,371 [Worker-7: Building] INFO  o.a.m.s.f.DefaultMavenResourcesFiltering - Copying 0 resource from src\main\resources to target\classes
2025-06-27 16:31:04,374 [Worker-7: Building] INFO  o.a.m.s.f.DefaultMavenResourcesFiltering - skip non existing resourceDirectory D:\Jag\harman_training\Training\microservices\load-balancer-demo\src\test\resources
2025-06-27 16:31:13,954 [Worker-0: Building] INFO  o.a.m.s.f.DefaultMavenResourcesFiltering - Copying 1 resource from src\main\resources to target\classes
2025-06-27 16:31:13,961 [Worker-0: Building] INFO  o.a.m.s.f.DefaultMavenResourcesFiltering - Copying 0 resource from src\main\resources to target\classes
2025-06-27 16:31:13,991 [Worker-0: Building] INFO  o.a.m.s.f.DefaultMavenResourcesFiltering - skip non existing resourceDirectory D:\Jag\harman_training\Training\microservices\load-balancer-demo\src\test\resources
2025-06-27 16:31:33,973 [Worker-10: Building] INFO  o.a.m.s.f.DefaultMavenResourcesFiltering - Copying 1 resource from src\main\resources to target\classes
2025-06-27 16:31:33,979 [Worker-10: Building] INFO  o.a.m.s.f.DefaultMavenResourcesFiltering - Copying 0 resource from src\main\resources to target\classes
2025-06-27 16:31:33,981 [Worker-10: Building] INFO  o.a.m.s.f.DefaultMavenResourcesFiltering - skip non existing resourceDirectory D:\Jag\harman_training\Training\microservices\load-balancer-demo\src\test\resources
2025-06-27 16:31:38,601 [Worker-0: Building] INFO  o.a.m.s.f.DefaultMavenResourcesFiltering - Copying 1 resource from src\main\resources to target\classes
2025-06-27 16:31:38,604 [Worker-0: Building] INFO  o.a.m.s.f.DefaultMavenResourcesFiltering - Copying 0 resource from src\main\resources to target\classes
2025-06-27 16:31:38,606 [Worker-0: Building] INFO  o.a.m.s.f.DefaultMavenResourcesFiltering - skip non existing resourceDirectory D:\Jag\harman_training\Training\microservices\load-balancer-demo\src\test\resources
2025-06-30 09:30:29,894 [Worker-2: Loading available Gradle versions] INFO  o.e.b.c.i.u.g.PublishedGradleVersions - Gradle version information cache is out-of-date. Trying to update.
2025-06-30 09:38:18,877 [Worker-1: Import Getting Started Content] INFO  o.e.m.c.i.l.LifecycleMappingFactory - Using org.eclipse.m2e.jdt.JarLifecycleMapping lifecycle mapping for MavenProject: com.harman.demo:customer-service:0.0.1-SNAPSHOT @ D:\Jag\harman_training\Training\microservices\customer-service\pom.xml.
2025-06-30 09:38:20,938 [Worker-1: Import Getting Started Content] INFO  o.e.m.j.i.AbstractJavaProjectConfigurator - Adding source folder /customer-service/src/main/java
2025-06-30 09:38:20,942 [Worker-1: Import Getting Started Content] INFO  o.e.m.j.i.AbstractJavaProjectConfigurator - Adding resource folder /customer-service/src/main/resources
2025-06-30 09:38:20,948 [Worker-1: Import Getting Started Content] INFO  o.e.m.j.i.AbstractJavaProjectConfigurator - Adding resource folder /customer-service/src/main/resources
2025-06-30 09:38:20,953 [Worker-1: Import Getting Started Content] INFO  o.e.m.j.i.AbstractJavaProjectConfigurator - Adding source folder /customer-service/src/test/java
2025-06-30 09:38:20,954 [Worker-1: Import Getting Started Content] INFO  o.e.m.j.i.AbstractJavaProjectConfigurator - Adding resource folder /customer-service/src/test/resources
2025-06-30 09:38:21,244 [Worker-1: Import Getting Started Content] INFO  o.e.m.c.i.p.ProjectConfigurationManager - Imported and configured 1 project(s) in 4 sec
2025-06-30 09:38:21,251 [Worker-1: Import Getting Started Content] INFO  o.e.m.c.i.p.ProjectConfigurationManager - Update started
2025-06-30 09:38:21,640 [Worker-1: Import Getting Started Content] INFO  o.e.m.c.i.l.LifecycleMappingFactory - Using org.eclipse.m2e.jdt.JarLifecycleMapping lifecycle mapping for MavenProject: com.harman.demo:customer-service:0.0.1-SNAPSHOT @ D:\Jag\harman_training\Training\microservices\customer-service\pom.xml.
2025-06-30 09:38:22,122 [Worker-1: Import Getting Started Content] INFO  o.e.m.j.i.AbstractJavaProjectConfigurator - Adding source folder /customer-service/src/main/java
2025-06-30 09:38:22,122 [Worker-1: Import Getting Started Content] INFO  o.e.m.j.i.AbstractJavaProjectConfigurator - Adding resource folder /customer-service/src/main/resources
2025-06-30 09:38:22,123 [Worker-1: Import Getting Started Content] INFO  o.e.m.j.i.AbstractJavaProjectConfigurator - Adding resource folder /customer-service/src/main/resources
2025-06-30 09:38:22,124 [Worker-1: Import Getting Started Content] INFO  o.e.m.j.i.AbstractJavaProjectConfigurator - Adding source folder /customer-service/src/test/java
2025-06-30 09:38:22,125 [Worker-1: Import Getting Started Content] INFO  o.e.m.j.i.AbstractJavaProjectConfigurator - Adding resource folder /customer-service/src/test/resources
2025-06-30 09:38:22,444 [Worker-1: Import Getting Started Content] INFO  o.e.m.c.i.p.ProjectConfigurationManager - Update completed for 1 poms: local refresh takes 0.00 sec, refresh facades takes 0.00 sec, update config takes 0.00 sec 
2025-06-30 09:38:24,372 [Worker-15: Building] INFO  o.a.m.s.f.DefaultMavenResourcesFiltering - Copying 1 resource from src\main\resources to target\classes
2025-06-30 09:38:24,387 [Worker-15: Building] INFO  o.a.m.s.f.DefaultMavenResourcesFiltering - Copying 0 resource from src\main\resources to target\classes
2025-06-30 09:38:24,391 [Worker-15: Building] INFO  o.a.m.s.f.DefaultMavenResourcesFiltering - skip non existing resourceDirectory D:\Jag\harman_training\Training\microservices\customer-service\src\test\resources
2025-06-30 09:38:43,391 [Worker-15: Building] INFO  o.a.m.s.f.DefaultMavenResourcesFiltering - Copying 1 resource from src\main\resources to target\classes
2025-06-30 09:38:43,412 [Worker-15: Building] INFO  o.a.m.s.f.DefaultMavenResourcesFiltering - Copying 0 resource from src\main\resources to target\classes
2025-06-30 09:38:43,414 [Worker-15: Building] INFO  o.a.m.s.f.DefaultMavenResourcesFiltering - skip non existing resourceDirectory D:\Jag\harman_training\Training\microservices\customer-service\src\test\resources
2025-06-30 09:39:16,956 [Worker-5: Building] INFO  o.a.m.s.f.DefaultMavenResourcesFiltering - Copying 1 resource from src\main\resources to target\classes
2025-06-30 09:39:16,989 [Worker-5: Building] INFO  o.a.m.s.f.DefaultMavenResourcesFiltering - Copying 0 resource from src\main\resources to target\classes
2025-06-30 09:39:16,992 [Worker-5: Building] INFO  o.a.m.s.f.DefaultMavenResourcesFiltering - skip non existing resourceDirectory D:\Jag\harman_training\Training\microservices\customer-service\src\test\resources
2025-06-30 09:39:59,500 [Worker-5: Building] INFO  o.e.m.c.i.l.LifecycleMappingFactory - Using org.eclipse.m2e.jdt.JarLifecycleMapping lifecycle mapping for MavenProject: com.harman.demo:customer-service:0.0.1-SNAPSHOT @ D:\Jag\harman_training\Training\microservices\product-service\pom.xml.
2025-06-30 09:40:00,068 [Worker-5: Building] INFO  o.a.m.s.f.DefaultMavenResourcesFiltering - Copying 1 resource from src\main\resources to target\classes
2025-06-30 09:40:00,082 [Worker-5: Building] INFO  o.a.m.s.f.DefaultMavenResourcesFiltering - Copying 0 resource from src\main\resources to target\classes
2025-06-30 09:40:00,087 [Worker-5: Building] INFO  o.a.m.s.f.DefaultMavenResourcesFiltering - skip non existing resourceDirectory D:\Jag\harman_training\Training\microservices\product-service\src\test\resources
2025-06-30 09:40:01,194 [Worker-15: Building] INFO  o.a.m.s.f.DefaultMavenResourcesFiltering - Copying 1 resource from src\main\resources to target\classes
2025-06-30 09:40:01,195 [Worker-15: Building] INFO  o.a.m.s.f.DefaultMavenResourcesFiltering - Copying 0 resource from src\main\resources to target\classes
2025-06-30 09:40:01,197 [Worker-15: Building] INFO  o.a.m.s.f.DefaultMavenResourcesFiltering - skip non existing resourceDirectory D:\Jag\harman_training\Training\microservices\product-service\src\test\resources
2025-06-30 09:40:08,035 [Worker-5: Building] INFO  o.a.m.s.f.DefaultMavenResourcesFiltering - Copying 1 resource from src\main\resources to target\classes
2025-06-30 09:40:08,042 [Worker-5: Building] INFO  o.a.m.s.f.DefaultMavenResourcesFiltering - Copying 0 resource from src\main\resources to target\classes
2025-06-30 09:40:08,045 [Worker-5: Building] INFO  o.a.m.s.f.DefaultMavenResourcesFiltering - skip non existing resourceDirectory D:\Jag\harman_training\Training\microservices\product-service\src\test\resources
2025-06-30 09:40:12,345 [Worker-17: Building] INFO  o.a.m.s.f.DefaultMavenResourcesFiltering - Copying 1 resource from src\main\resources to target\classes
2025-06-30 09:40:12,353 [Worker-17: Building] INFO  o.a.m.s.f.DefaultMavenResourcesFiltering - Copying 0 resource from src\main\resources to target\classes
2025-06-30 09:40:12,358 [Worker-17: Building] INFO  o.a.m.s.f.DefaultMavenResourcesFiltering - skip non existing resourceDirectory D:\Jag\harman_training\Training\microservices\product-service\src\test\resources
2025-06-30 09:40:22,966 [Worker-15: Building] INFO  o.a.m.s.f.DefaultMavenResourcesFiltering - Copying 1 resource from src\main\resources to target\classes
2025-06-30 09:40:22,971 [Worker-15: Building] INFO  o.a.m.s.f.DefaultMavenResourcesFiltering - Copying 0 resource from src\main\resources to target\classes
2025-06-30 09:40:22,973 [Worker-15: Building] INFO  o.a.m.s.f.DefaultMavenResourcesFiltering - skip non existing resourceDirectory D:\Jag\harman_training\Training\microservices\product-service\src\test\resources
2025-06-30 09:40:32,056 [Worker-13: Building] INFO  o.e.m.c.i.l.LifecycleMappingFactory - Using org.eclipse.m2e.jdt.JarLifecycleMapping lifecycle mapping for MavenProject: com.harman.demo:customer-service:0.0.1-SNAPSHOT @ D:\Jag\harman_training\Training\microservices\sale-service\pom.xml.
2025-06-30 09:40:32,610 [Worker-13: Building] INFO  o.a.m.s.f.DefaultMavenResourcesFiltering - Copying 1 resource from src\main\resources to target\classes
2025-06-30 09:40:32,631 [Worker-13: Building] INFO  o.a.m.s.f.DefaultMavenResourcesFiltering - Copying 0 resource from src\main\resources to target\classes
2025-06-30 09:40:32,639 [Worker-13: Building] INFO  o.a.m.s.f.DefaultMavenResourcesFiltering - skip non existing resourceDirectory D:\Jag\harman_training\Training\microservices\sale-service\src\test\resources
2025-06-30 09:40:33,003 [Worker-16: Building] INFO  o.a.m.s.f.DefaultMavenResourcesFiltering - Copying 1 resource from src\main\resources to target\classes
2025-06-30 09:40:33,004 [Worker-16: Building] INFO  o.a.m.s.f.DefaultMavenResourcesFiltering - Copying 0 resource from src\main\resources to target\classes
2025-06-30 09:40:33,007 [Worker-16: Building] INFO  o.a.m.s.f.DefaultMavenResourcesFiltering - skip non existing resourceDirectory D:\Jag\harman_training\Training\microservices\sale-service\src\test\resources
2025-06-30 09:40:41,918 [Worker-16: Building] INFO  o.a.m.s.f.DefaultMavenResourcesFiltering - Copying 1 resource from src\main\resources to target\classes
2025-06-30 09:40:41,928 [Worker-16: Building] INFO  o.a.m.s.f.DefaultMavenResourcesFiltering - Copying 0 resource from src\main\resources to target\classes
2025-06-30 09:40:41,934 [Worker-16: Building] INFO  o.a.m.s.f.DefaultMavenResourcesFiltering - skip non existing resourceDirectory D:\Jag\harman_training\Training\microservices\sale-service\src\test\resources
2025-06-30 09:40:53,910 [Worker-14: Building] INFO  o.a.m.s.f.DefaultMavenResourcesFiltering - Copying 1 resource from src\main\resources to target\classes
2025-06-30 09:40:53,915 [Worker-14: Building] INFO  o.a.m.s.f.DefaultMavenResourcesFiltering - Copying 0 resource from src\main\resources to target\classes
2025-06-30 09:40:53,918 [Worker-14: Building] INFO  o.a.m.s.f.DefaultMavenResourcesFiltering - skip non existing resourceDirectory D:\Jag\harman_training\Training\microservices\sale-service\src\test\resources
2025-06-30 09:43:31,178 [Worker-19: Import Getting Started Content] INFO  o.e.m.c.i.l.LifecycleMappingFactory - Using org.eclipse.m2e.jdt.JarLifecycleMapping lifecycle mapping for MavenProject: com.harman.demo:spring-cloud-gateway:0.0.1-SNAPSHOT @ D:\Jag\harman_training\Training\microservices\spring-cloud-gateway\pom.xml.
2025-06-30 09:43:31,601 [Worker-19: Import Getting Started Content] INFO  o.e.m.c.i.e.AbstractTransferListenerAdapter - Downloading https://repo.maven.apache.org/maven2/org/springframework/cloud/spring-cloud-starter-gateway-server-webmvc/4.3.0/spring-cloud-starter-gateway-server-webmvc-4.3.0.pom
2025-06-30 09:43:31,612 [Worker-19: Import Getting Started Content] INFO  o.e.m.c.i.e.AbstractTransferListenerAdapter - Downloaded https://repo.maven.apache.org/maven2/org/springframework/cloud/spring-cloud-starter-gateway-server-webmvc/4.3.0/spring-cloud-starter-gateway-server-webmvc-4.3.0.pom
2025-06-30 09:43:31,641 [Worker-19: Import Getting Started Content] INFO  o.e.m.c.i.e.AbstractTransferListenerAdapter - Downloading https://repo.maven.apache.org/maven2/org/springframework/cloud/spring-cloud-gateway/4.3.0/spring-cloud-gateway-4.3.0.pom
2025-06-30 09:43:31,646 [Worker-19: Import Getting Started Content] INFO  o.e.m.c.i.e.AbstractTransferListenerAdapter - Downloaded https://repo.maven.apache.org/maven2/org/springframework/cloud/spring-cloud-gateway/4.3.0/spring-cloud-gateway-4.3.0.pom
2025-06-30 09:43:31,995 [Worker-19: Import Getting Started Content] INFO  o.e.m.c.i.e.AbstractTransferListenerAdapter - Downloading https://repo.maven.apache.org/maven2/org/springframework/cloud/spring-cloud-gateway-server-webmvc/4.3.0/spring-cloud-gateway-server-webmvc-4.3.0.pom
2025-06-30 09:43:32,000 [Worker-19: Import Getting Started Content] INFO  o.e.m.c.i.e.AbstractTransferListenerAdapter - Downloaded https://repo.maven.apache.org/maven2/org/springframework/cloud/spring-cloud-gateway-server-webmvc/4.3.0/spring-cloud-gateway-server-webmvc-4.3.0.pom
2025-06-30 09:43:32,025 [Worker-19: Import Getting Started Content] INFO  o.e.m.c.i.e.AbstractTransferListenerAdapter - Downloading https://repo.maven.apache.org/maven2/org/springframework/cloud/spring-cloud-gateway-server-mvc/4.3.0/spring-cloud-gateway-server-mvc-4.3.0.pom
2025-06-30 09:43:32,028 [Worker-19: Import Getting Started Content] INFO  o.e.m.c.i.e.AbstractTransferListenerAdapter - Downloaded https://repo.maven.apache.org/maven2/org/springframework/cloud/spring-cloud-gateway-server-mvc/4.3.0/spring-cloud-gateway-server-mvc-4.3.0.pom
2025-06-30 09:43:32,090 [Worker-19: Import Getting Started Content] INFO  o.e.m.c.i.e.AbstractTransferListenerAdapter - Downloading https://repo.maven.apache.org/maven2/org/springframework/boot/spring-boot-starter-validation/3.5.3/spring-boot-starter-validation-3.5.3.pom
2025-06-30 09:43:32,093 [Worker-19: Import Getting Started Content] INFO  o.e.m.c.i.e.AbstractTransferListenerAdapter - Downloaded https://repo.maven.apache.org/maven2/org/springframework/boot/spring-boot-starter-validation/3.5.3/spring-boot-starter-validation-3.5.3.pom
2025-06-30 09:43:32,178 [Worker-19: Import Getting Started Content] INFO  o.e.m.c.i.e.AbstractTransferListenerAdapter - Downloading https://repo.maven.apache.org/maven2/org/springframework/boot/spring-boot-properties-migrator/3.5.3/spring-boot-properties-migrator-3.5.3.pom
2025-06-30 09:43:32,182 [Worker-19: Import Getting Started Content] INFO  o.e.m.c.i.e.AbstractTransferListenerAdapter - Downloaded https://repo.maven.apache.org/maven2/org/springframework/boot/spring-boot-properties-migrator/3.5.3/spring-boot-properties-migrator-3.5.3.pom
2025-06-30 09:43:32,205 [Worker-19: Import Getting Started Content] INFO  o.e.m.c.i.e.AbstractTransferListenerAdapter - Downloading https://repo.maven.apache.org/maven2/org/springframework/boot/spring-boot-configuration-metadata/3.5.3/spring-boot-configuration-metadata-3.5.3.pom
2025-06-30 09:43:32,209 [Worker-19: Import Getting Started Content] INFO  o.e.m.c.i.e.AbstractTransferListenerAdapter - Downloaded https://repo.maven.apache.org/maven2/org/springframework/boot/spring-boot-configuration-metadata/3.5.3/spring-boot-configuration-metadata-3.5.3.pom
2025-06-30 09:43:32,385 [Worker-19: Import Getting Started Content] INFO  o.e.m.c.i.e.AbstractTransferListenerAdapter - Downloading https://repo.maven.apache.org/maven2/org/springframework/cloud/spring-cloud-starter-gateway-server-webmvc/4.3.0/spring-cloud-starter-gateway-server-webmvc-4.3.0.jar
2025-06-30 09:43:32,390 [Worker-19: Import Getting Started Content] INFO  o.e.m.c.i.e.AbstractTransferListenerAdapter - Downloaded https://repo.maven.apache.org/maven2/org/springframework/cloud/spring-cloud-starter-gateway-server-webmvc/4.3.0/spring-cloud-starter-gateway-server-webmvc-4.3.0.jar
2025-06-30 09:43:32,411 [BasicRepositoryConnector-repo.maven.apache.org-0-0] INFO  o.e.m.c.i.e.AbstractTransferListenerAdapter - Downloading https://repo.maven.apache.org/maven2/org/springframework/cloud/spring-cloud-gateway-server-webmvc/4.3.0/spring-cloud-gateway-server-webmvc-4.3.0.jar
2025-06-30 09:43:32,419 [BasicRepositoryConnector-repo.maven.apache.org-0-0] INFO  o.e.m.c.i.e.AbstractTransferListenerAdapter - Downloaded https://repo.maven.apache.org/maven2/org/springframework/cloud/spring-cloud-gateway-server-webmvc/4.3.0/spring-cloud-gateway-server-webmvc-4.3.0.jar
2025-06-30 09:43:32,462 [BasicRepositoryConnector-repo.maven.apache.org-0-1] INFO  o.e.m.c.i.e.AbstractTransferListenerAdapter - Downloading https://repo.maven.apache.org/maven2/org/springframework/cloud/spring-cloud-gateway-server-mvc/4.3.0/spring-cloud-gateway-server-mvc-4.3.0.jar
2025-06-30 09:43:32,462 [BasicRepositoryConnector-repo.maven.apache.org-0-2] INFO  o.e.m.c.i.e.AbstractTransferListenerAdapter - Downloading https://repo.maven.apache.org/maven2/org/springframework/boot/spring-boot-starter-validation/3.5.3/spring-boot-starter-validation-3.5.3.jar
2025-06-30 09:43:32,462 [BasicRepositoryConnector-repo.maven.apache.org-0-3] INFO  o.e.m.c.i.e.AbstractTransferListenerAdapter - Downloading https://repo.maven.apache.org/maven2/org/springframework/boot/spring-boot-properties-migrator/3.5.3/spring-boot-properties-migrator-3.5.3.jar
2025-06-30 09:43:32,462 [BasicRepositoryConnector-repo.maven.apache.org-0-4] INFO  o.e.m.c.i.e.AbstractTransferListenerAdapter - Downloading https://repo.maven.apache.org/maven2/org/springframework/boot/spring-boot-configuration-metadata/3.5.3/spring-boot-configuration-metadata-3.5.3.jar
2025-06-30 09:43:32,467 [BasicRepositoryConnector-repo.maven.apache.org-0-2] INFO  o.e.m.c.i.e.AbstractTransferListenerAdapter - Downloaded https://repo.maven.apache.org/maven2/org/springframework/boot/spring-boot-starter-validation/3.5.3/spring-boot-starter-validation-3.5.3.jar
2025-06-30 09:43:32,472 [BasicRepositoryConnector-repo.maven.apache.org-0-3] INFO  o.e.m.c.i.e.AbstractTransferListenerAdapter - Downloaded https://repo.maven.apache.org/maven2/org/springframework/boot/spring-boot-properties-migrator/3.5.3/spring-boot-properties-migrator-3.5.3.jar
2025-06-30 09:43:32,473 [BasicRepositoryConnector-repo.maven.apache.org-0-4] INFO  o.e.m.c.i.e.AbstractTransferListenerAdapter - Downloaded https://repo.maven.apache.org/maven2/org/springframework/boot/spring-boot-configuration-metadata/3.5.3/spring-boot-configuration-metadata-3.5.3.jar
2025-06-30 09:43:32,551 [BasicRepositoryConnector-repo.maven.apache.org-0-1] INFO  o.e.m.c.i.e.AbstractTransferListenerAdapter - Downloaded https://repo.maven.apache.org/maven2/org/springframework/cloud/spring-cloud-gateway-server-mvc/4.3.0/spring-cloud-gateway-server-mvc-4.3.0.jar
2025-06-30 09:43:32,862 [Worker-19: Import Getting Started Content] INFO  o.e.m.j.i.AbstractJavaProjectConfigurator - Adding source folder /spring-cloud-gateway/src/main/java
2025-06-30 09:43:32,862 [Worker-19: Import Getting Started Content] INFO  o.e.m.j.i.AbstractJavaProjectConfigurator - Adding resource folder /spring-cloud-gateway/src/main/resources
2025-06-30 09:43:32,864 [Worker-19: Import Getting Started Content] INFO  o.e.m.j.i.AbstractJavaProjectConfigurator - Adding resource folder /spring-cloud-gateway/src/main/resources
2025-06-30 09:43:32,867 [Worker-19: Import Getting Started Content] INFO  o.e.m.j.i.AbstractJavaProjectConfigurator - Adding source folder /spring-cloud-gateway/src/test/java
2025-06-30 09:43:32,867 [Worker-19: Import Getting Started Content] INFO  o.e.m.j.i.AbstractJavaProjectConfigurator - Adding resource folder /spring-cloud-gateway/src/test/resources
2025-06-30 09:43:33,223 [Worker-19: Import Getting Started Content] INFO  o.e.m.c.i.p.ProjectConfigurationManager - Imported and configured 1 project(s) in 2 sec
2025-06-30 09:43:33,225 [Worker-19: Import Getting Started Content] INFO  o.e.m.c.i.p.ProjectConfigurationManager - Update started
2025-06-30 09:43:33,537 [Worker-19: Import Getting Started Content] INFO  o.e.m.c.i.l.LifecycleMappingFactory - Using org.eclipse.m2e.jdt.JarLifecycleMapping lifecycle mapping for MavenProject: com.harman.demo:spring-cloud-gateway:0.0.1-SNAPSHOT @ D:\Jag\harman_training\Training\microservices\spring-cloud-gateway\pom.xml.
2025-06-30 09:43:34,020 [Worker-16: Download sources and javadoc] INFO  o.e.m.c.i.e.AbstractTransferListenerAdapter - Downloaded https://repo.maven.apache.org/maven2/org/springframework/cloud/spring-cloud-starter-gateway-server-webmvc/4.3.0/spring-cloud-starter-gateway-server-webmvc-4.3.0-sources.jar
2025-06-30 09:43:34,023 [Worker-16: Download sources and javadoc] ERROR o.e.m.j.internal.DownloadSourcesJob - Could not download sources for org.springframework.cloud:spring-cloud-starter-gateway-server-webmvc:4.3.0
org.eclipse.core.runtime.CoreException: Could not resolve artifact org.springframework.cloud:spring-cloud-starter-gateway-server-webmvc:jar:sources:4.3.0
	at org.eclipse.m2e.core.internal.embedder.MavenImpl.lambda$7(MavenImpl.java:540)
	at org.eclipse.m2e.core.internal.embedder.MavenExecutionContext.executeBare(MavenExecutionContext.java:458)
	at org.eclipse.m2e.core.internal.embedder.MavenExecutionContext.execute(MavenExecutionContext.java:292)
	at org.eclipse.m2e.core.internal.embedder.MavenExecutionContext.execute(MavenExecutionContext.java:278)
	at org.eclipse.m2e.core.internal.embedder.MavenImpl.resolve(MavenImpl.java:509)
	at org.eclipse.m2e.core.internal.embedder.MavenImpl.resolve(MavenImpl.java:494)
	at org.eclipse.m2e.jdt.internal.DownloadSourcesJob.download(DownloadSourcesJob.java:308)
	at org.eclipse.m2e.jdt.internal.DownloadSourcesJob.downloadAttachments(DownloadSourcesJob.java:282)
	at org.eclipse.m2e.jdt.internal.DownloadSourcesJob.downloadMaven(DownloadSourcesJob.java:252)
	at org.eclipse.m2e.jdt.internal.DownloadSourcesJob.downloadFilesAndPopulateToUpdate(DownloadSourcesJob.java:220)
	at org.eclipse.m2e.jdt.internal.DownloadSourcesJob.lambda$0(DownloadSourcesJob.java:149)
	at org.eclipse.m2e.core.internal.embedder.MavenExecutionContext.executeBare(MavenExecutionContext.java:458)
	at org.eclipse.m2e.core.internal.embedder.MavenExecutionContext.execute(MavenExecutionContext.java:339)
	at org.eclipse.m2e.core.internal.embedder.MavenExecutionContext.execute(MavenExecutionContext.java:278)
	at org.eclipse.m2e.core.embedder.IMaven.execute(IMaven.java:300)
	at org.eclipse.m2e.jdt.internal.DownloadSourcesJob.run(DownloadSourcesJob.java:149)
	at org.eclipse.core.internal.jobs.Worker.run(Worker.java:63)
2025-06-30 09:43:34,096 [Worker-19: Import Getting Started Content] INFO  o.e.m.j.i.AbstractJavaProjectConfigurator - Adding source folder /spring-cloud-gateway/src/main/java
2025-06-30 09:43:34,097 [Worker-19: Import Getting Started Content] INFO  o.e.m.j.i.AbstractJavaProjectConfigurator - Adding resource folder /spring-cloud-gateway/src/main/resources
2025-06-30 09:43:34,097 [Worker-19: Import Getting Started Content] INFO  o.e.m.j.i.AbstractJavaProjectConfigurator - Adding resource folder /spring-cloud-gateway/src/main/resources
2025-06-30 09:43:34,097 [Worker-19: Import Getting Started Content] INFO  o.e.m.j.i.AbstractJavaProjectConfigurator - Adding source folder /spring-cloud-gateway/src/test/java
2025-06-30 09:43:34,098 [Worker-19: Import Getting Started Content] INFO  o.e.m.j.i.AbstractJavaProjectConfigurator - Adding resource folder /spring-cloud-gateway/src/test/resources
2025-06-30 09:43:34,147 [Worker-16: Download sources and javadoc] INFO  o.e.m.c.i.e.AbstractTransferListenerAdapter - Downloading https://repo.maven.apache.org/maven2/org/springframework/cloud/spring-cloud-gateway-server-webmvc/4.3.0/spring-cloud-gateway-server-webmvc-4.3.0-sources.jar
2025-06-30 09:43:34,154 [Worker-16: Download sources and javadoc] INFO  o.e.m.c.i.e.AbstractTransferListenerAdapter - Downloaded https://repo.maven.apache.org/maven2/org/springframework/cloud/spring-cloud-gateway-server-webmvc/4.3.0/spring-cloud-gateway-server-webmvc-4.3.0-sources.jar
2025-06-30 09:43:34,160 [Worker-16: Download sources and javadoc] INFO  o.e.m.j.internal.DownloadSourcesJob - Downloaded sources for org.springframework.cloud:spring-cloud-gateway-server-webmvc:4.3.0
2025-06-30 09:43:34,224 [Worker-16: Download sources and javadoc] INFO  o.e.m.c.i.e.AbstractTransferListenerAdapter - Downloading https://repo.maven.apache.org/maven2/org/springframework/cloud/spring-cloud-gateway-server-mvc/4.3.0/spring-cloud-gateway-server-mvc-4.3.0-sources.jar
2025-06-30 09:43:34,269 [Worker-16: Download sources and javadoc] INFO  o.e.m.c.i.e.AbstractTransferListenerAdapter - Downloaded https://repo.maven.apache.org/maven2/org/springframework/cloud/spring-cloud-gateway-server-mvc/4.3.0/spring-cloud-gateway-server-mvc-4.3.0-sources.jar
2025-06-30 09:43:34,272 [Worker-16: Download sources and javadoc] INFO  o.e.m.j.internal.DownloadSourcesJob - Downloaded sources for org.springframework.cloud:spring-cloud-gateway-server-mvc:4.3.0
2025-06-30 09:43:34,329 [Worker-16: Download sources and javadoc] INFO  o.e.m.c.i.e.AbstractTransferListenerAdapter - Downloading https://repo.maven.apache.org/maven2/org/springframework/boot/spring-boot-starter-validation/3.5.3/spring-boot-starter-validation-3.5.3-sources.jar
2025-06-30 09:43:34,334 [Worker-16: Download sources and javadoc] INFO  o.e.m.c.i.e.AbstractTransferListenerAdapter - Downloaded https://repo.maven.apache.org/maven2/org/springframework/boot/spring-boot-starter-validation/3.5.3/spring-boot-starter-validation-3.5.3-sources.jar
2025-06-30 09:43:34,339 [Worker-16: Download sources and javadoc] INFO  o.e.m.j.internal.DownloadSourcesJob - Downloaded sources for org.springframework.boot:spring-boot-starter-validation:3.5.3
2025-06-30 09:43:34,398 [Worker-16: Download sources and javadoc] INFO  o.e.m.c.i.e.AbstractTransferListenerAdapter - Downloading https://repo.maven.apache.org/maven2/org/springframework/boot/spring-boot-properties-migrator/3.5.3/spring-boot-properties-migrator-3.5.3-sources.jar
2025-06-30 09:43:34,404 [Worker-16: Download sources and javadoc] INFO  o.e.m.c.i.e.AbstractTransferListenerAdapter - Downloaded https://repo.maven.apache.org/maven2/org/springframework/boot/spring-boot-properties-migrator/3.5.3/spring-boot-properties-migrator-3.5.3-sources.jar
2025-06-30 09:43:34,406 [Worker-19: Import Getting Started Content] INFO  o.e.m.c.i.p.ProjectConfigurationManager - Update completed for 1 poms: local refresh takes 0.00 sec, refresh facades takes 0.00 sec, update config takes 0.00 sec 
2025-06-30 09:43:34,408 [Worker-16: Download sources and javadoc] INFO  o.e.m.j.internal.DownloadSourcesJob - Downloaded sources for org.springframework.boot:spring-boot-properties-migrator:3.5.3
2025-06-30 09:43:34,472 [Worker-16: Download sources and javadoc] INFO  o.e.m.c.i.e.AbstractTransferListenerAdapter - Downloading https://repo.maven.apache.org/maven2/org/springframework/boot/spring-boot-configuration-metadata/3.5.3/spring-boot-configuration-metadata-3.5.3-sources.jar
2025-06-30 09:43:34,478 [Worker-16: Download sources and javadoc] INFO  o.e.m.c.i.e.AbstractTransferListenerAdapter - Downloaded https://repo.maven.apache.org/maven2/org/springframework/boot/spring-boot-configuration-metadata/3.5.3/spring-boot-configuration-metadata-3.5.3-sources.jar
2025-06-30 09:43:34,481 [Worker-16: Download sources and javadoc] INFO  o.e.m.j.internal.DownloadSourcesJob - Downloaded sources for org.springframework.boot:spring-boot-configuration-metadata:3.5.3
2025-06-30 09:43:35,033 [Worker-23: Building] INFO  o.a.m.s.f.DefaultMavenResourcesFiltering - Copying 1 resource from src\main\resources to target\classes
2025-06-30 09:43:35,044 [Worker-23: Building] INFO  o.a.m.s.f.DefaultMavenResourcesFiltering - Copying 0 resource from src\main\resources to target\classes
2025-06-30 09:43:35,047 [Worker-23: Building] INFO  o.a.m.s.f.DefaultMavenResourcesFiltering - skip non existing resourceDirectory D:\Jag\harman_training\Training\microservices\spring-cloud-gateway\src\test\resources
2025-06-30 09:44:23,617 [Worker-22: Building] INFO  o.a.m.s.f.DefaultMavenResourcesFiltering - Copying 1 resource from src\main\resources to target\classes
2025-06-30 09:44:23,632 [Worker-22: Building] INFO  o.a.m.s.f.DefaultMavenResourcesFiltering - Copying 0 resource from src\main\resources to target\classes
2025-06-30 09:44:23,636 [Worker-22: Building] INFO  o.a.m.s.f.DefaultMavenResourcesFiltering - skip non existing resourceDirectory D:\Jag\harman_training\Training\microservices\spring-cloud-gateway\src\test\resources
2025-06-30 09:44:24,664 [Worker-23: Building] INFO  o.a.m.s.f.DefaultMavenResourcesFiltering - Copying 1 resource from src\main\resources to target\classes
2025-06-30 09:44:24,667 [Worker-23: Building] INFO  o.a.m.s.f.DefaultMavenResourcesFiltering - Copying 0 resource from src\main\resources to target\classes
2025-06-30 09:44:24,669 [Worker-23: Building] INFO  o.a.m.s.f.DefaultMavenResourcesFiltering - skip non existing resourceDirectory D:\Jag\harman_training\Training\microservices\spring-cloud-gateway\src\test\resources
2025-06-30 09:44:38,809 [Worker-23: Building] INFO  o.a.m.s.f.DefaultMavenResourcesFiltering - Copying 1 resource from src\main\resources to target\classes
2025-06-30 09:44:38,817 [Worker-23: Building] INFO  o.a.m.s.f.DefaultMavenResourcesFiltering - Copying 0 resource from src\main\resources to target\classes
2025-06-30 09:44:38,821 [Worker-23: Building] INFO  o.a.m.s.f.DefaultMavenResourcesFiltering - skip non existing resourceDirectory D:\Jag\harman_training\Training\microservices\spring-cloud-gateway\src\test\resources
2025-06-30 09:45:02,175 [Worker-16: Building] INFO  o.a.m.s.f.DefaultMavenResourcesFiltering - Copying 1 resource from src\main\resources to target\classes
2025-06-30 09:45:02,178 [Worker-16: Building] INFO  o.a.m.s.f.DefaultMavenResourcesFiltering - Copying 0 resource from src\main\resources to target\classes
2025-06-30 09:45:02,180 [Worker-16: Building] INFO  o.a.m.s.f.DefaultMavenResourcesFiltering - skip non existing resourceDirectory D:\Jag\harman_training\Training\microservices\spring-cloud-gateway\src\test\resources
2025-06-30 09:46:03,527 [Worker-16: Download sources and javadoc] INFO  o.e.m.c.i.e.AbstractTransferListenerAdapter - Downloaded https://repo.maven.apache.org/maven2/org/springframework/cloud/spring-cloud-starter-gateway-server-webmvc/4.3.0/spring-cloud-starter-gateway-server-webmvc-4.3.0-javadoc.jar
2025-06-30 09:46:03,529 [Worker-16: Download sources and javadoc] ERROR o.e.m.j.internal.DownloadSourcesJob - Could not download javadoc for org.springframework.cloud:spring-cloud-starter-gateway-server-webmvc:4.3.0
org.eclipse.core.runtime.CoreException: Could not resolve artifact org.springframework.cloud:spring-cloud-starter-gateway-server-webmvc:jar:javadoc:4.3.0
	at org.eclipse.m2e.core.internal.embedder.MavenImpl.lambda$7(MavenImpl.java:540)
	at org.eclipse.m2e.core.internal.embedder.MavenExecutionContext.executeBare(MavenExecutionContext.java:458)
	at org.eclipse.m2e.core.internal.embedder.MavenExecutionContext.execute(MavenExecutionContext.java:292)
	at org.eclipse.m2e.core.internal.embedder.MavenExecutionContext.execute(MavenExecutionContext.java:278)
	at org.eclipse.m2e.core.internal.embedder.MavenImpl.resolve(MavenImpl.java:509)
	at org.eclipse.m2e.core.internal.embedder.MavenImpl.resolve(MavenImpl.java:494)
	at org.eclipse.m2e.jdt.internal.DownloadSourcesJob.download(DownloadSourcesJob.java:308)
	at org.eclipse.m2e.jdt.internal.DownloadSourcesJob.downloadAttachments(DownloadSourcesJob.java:294)
	at org.eclipse.m2e.jdt.internal.DownloadSourcesJob.downloadMaven(DownloadSourcesJob.java:252)
	at org.eclipse.m2e.jdt.internal.DownloadSourcesJob.downloadFilesAndPopulateToUpdate(DownloadSourcesJob.java:220)
	at org.eclipse.m2e.jdt.internal.DownloadSourcesJob.lambda$0(DownloadSourcesJob.java:149)
	at org.eclipse.m2e.core.internal.embedder.MavenExecutionContext.executeBare(MavenExecutionContext.java:458)
	at org.eclipse.m2e.core.internal.embedder.MavenExecutionContext.execute(MavenExecutionContext.java:339)
	at org.eclipse.m2e.core.internal.embedder.MavenExecutionContext.execute(MavenExecutionContext.java:278)
	at org.eclipse.m2e.core.embedder.IMaven.execute(IMaven.java:300)
	at org.eclipse.m2e.jdt.internal.DownloadSourcesJob.run(DownloadSourcesJob.java:149)
	at org.eclipse.core.internal.jobs.Worker.run(Worker.java:63)
2025-06-30 09:48:42,013 [Worker-14: Building] INFO  o.a.m.s.f.DefaultMavenResourcesFiltering - Copying 1 resource from src\main\resources to target\classes
2025-06-30 09:48:42,020 [Worker-14: Building] INFO  o.a.m.s.f.DefaultMavenResourcesFiltering - Copying 0 resource from src\main\resources to target\classes
2025-06-30 09:48:42,022 [Worker-14: Building] INFO  o.a.m.s.f.DefaultMavenResourcesFiltering - skip non existing resourceDirectory D:\Jag\harman_training\Training\microservices\customer-service\src\test\resources
2025-06-30 09:49:06,906 [Worker-24: Building] INFO  o.a.m.s.f.DefaultMavenResourcesFiltering - Copying 1 resource from src\main\resources to target\classes
2025-06-30 09:49:06,912 [Worker-24: Building] INFO  o.a.m.s.f.DefaultMavenResourcesFiltering - Copying 0 resource from src\main\resources to target\classes
2025-06-30 09:49:06,915 [Worker-24: Building] INFO  o.a.m.s.f.DefaultMavenResourcesFiltering - skip non existing resourceDirectory D:\Jag\harman_training\Training\microservices\product-service\src\test\resources
2025-06-30 09:49:23,178 [Worker-22: Building] INFO  o.a.m.s.f.DefaultMavenResourcesFiltering - Copying 1 resource from src\main\resources to target\classes
2025-06-30 09:49:23,184 [Worker-22: Building] INFO  o.a.m.s.f.DefaultMavenResourcesFiltering - Copying 0 resource from src\main\resources to target\classes
2025-06-30 09:49:23,187 [Worker-22: Building] INFO  o.a.m.s.f.DefaultMavenResourcesFiltering - skip non existing resourceDirectory D:\Jag\harman_training\Training\microservices\sale-service\src\test\resources
2025-06-30 09:53:23,634 [Worker-21: Building] INFO  o.a.m.s.f.DefaultMavenResourcesFiltering - Copying 1 resource from src\main\resources to target\classes
2025-06-30 09:53:23,640 [Worker-21: Building] INFO  o.a.m.s.f.DefaultMavenResourcesFiltering - Copying 0 resource from src\main\resources to target\classes
2025-06-30 09:53:23,643 [Worker-21: Building] INFO  o.a.m.s.f.DefaultMavenResourcesFiltering - skip non existing resourceDirectory D:\Jag\harman_training\Training\microservices\spring-cloud-gateway\src\test\resources
2025-06-30 09:53:25,716 [Worker-14: Building] INFO  o.a.m.s.f.DefaultMavenResourcesFiltering - Copying 1 resource from src\main\resources to target\classes
2025-06-30 09:53:25,722 [Worker-14: Building] INFO  o.a.m.s.f.DefaultMavenResourcesFiltering - Copying 0 resource from src\main\resources to target\classes
2025-06-30 09:53:25,725 [Worker-14: Building] INFO  o.a.m.s.f.DefaultMavenResourcesFiltering - skip non existing resourceDirectory D:\Jag\harman_training\Training\microservices\spring-cloud-gateway\src\test\resources
2025-06-30 09:58:08,482 [Worker-21: Building] INFO  o.e.m.c.i.l.LifecycleMappingFactory - Using org.eclipse.m2e.jdt.JarLifecycleMapping lifecycle mapping for MavenProject: com.harman.demo:spring-cloud-gateway:0.0.1-SNAPSHOT @ D:\Jag\harman_training\Training\microservices\spring-cloud-gateway\pom.xml.
2025-06-30 09:58:08,541 [Worker-21: Building] INFO  o.e.m.c.i.e.AbstractTransferListenerAdapter - Downloading https://repo.maven.apache.org/maven2/org/springframework/cloud/spring-cloud-starter-gateway/4.3.0/spring-cloud-starter-gateway-4.3.0.pom
2025-06-30 09:58:08,546 [Worker-21: Building] INFO  o.e.m.c.i.e.AbstractTransferListenerAdapter - Downloaded https://repo.maven.apache.org/maven2/org/springframework/cloud/spring-cloud-starter-gateway/4.3.0/spring-cloud-starter-gateway-4.3.0.pom
2025-06-30 09:58:08,777 [Worker-21: Building] INFO  o.e.m.c.i.e.AbstractTransferListenerAdapter - Downloading https://repo.maven.apache.org/maven2/org/springframework/cloud/spring-cloud-gateway-server/4.3.0/spring-cloud-gateway-server-4.3.0.pom
2025-06-30 09:58:08,785 [Worker-21: Building] INFO  o.e.m.c.i.e.AbstractTransferListenerAdapter - Downloaded https://repo.maven.apache.org/maven2/org/springframework/cloud/spring-cloud-gateway-server/4.3.0/spring-cloud-gateway-server-4.3.0.pom
2025-06-30 09:58:09,202 [Worker-21: Building] INFO  o.e.m.c.i.e.AbstractTransferListenerAdapter - Downloading https://repo.maven.apache.org/maven2/org/springframework/cloud/spring-cloud-starter-gateway/4.3.0/spring-cloud-starter-gateway-4.3.0.jar
2025-06-30 09:58:09,205 [Worker-21: Building] INFO  o.e.m.c.i.e.AbstractTransferListenerAdapter - Downloaded https://repo.maven.apache.org/maven2/org/springframework/cloud/spring-cloud-starter-gateway/4.3.0/spring-cloud-starter-gateway-4.3.0.jar
2025-06-30 09:58:09,225 [BasicRepositoryConnector-repo.maven.apache.org-1-0] INFO  o.e.m.c.i.e.AbstractTransferListenerAdapter - Downloading https://repo.maven.apache.org/maven2/org/springframework/cloud/spring-cloud-gateway-server/4.3.0/spring-cloud-gateway-server-4.3.0.jar
2025-06-30 09:58:09,436 [BasicRepositoryConnector-repo.maven.apache.org-1-0] INFO  o.e.m.c.i.e.AbstractTransferListenerAdapter - Downloaded https://repo.maven.apache.org/maven2/org/springframework/cloud/spring-cloud-gateway-server/4.3.0/spring-cloud-gateway-server-4.3.0.jar
2025-06-30 09:58:10,089 [Worker-21: Building] INFO  o.a.m.s.f.DefaultMavenResourcesFiltering - Copying 0 resource from src\main\resources to target\classes
2025-06-30 09:58:10,089 [Worker-21: Building] INFO  o.a.m.s.f.DefaultMavenResourcesFiltering - Copying 0 resource from src\main\resources to target\classes
2025-06-30 09:58:10,094 [Worker-21: Building] INFO  o.a.m.s.f.DefaultMavenResourcesFiltering - skip non existing resourceDirectory D:\Jag\harman_training\Training\microservices\spring-cloud-gateway\src\test\resources
2025-06-30 09:58:10,660 [Worker-23: Download sources and javadoc] INFO  o.e.m.c.i.e.AbstractTransferListenerAdapter - Downloading https://repo.maven.apache.org/maven2/org/springframework/cloud/spring-cloud-starter-gateway/4.3.0/spring-cloud-starter-gateway-4.3.0-sources.jar
2025-06-30 09:58:10,665 [Worker-23: Download sources and javadoc] INFO  o.e.m.c.i.e.AbstractTransferListenerAdapter - Downloaded https://repo.maven.apache.org/maven2/org/springframework/cloud/spring-cloud-starter-gateway/4.3.0/spring-cloud-starter-gateway-4.3.0-sources.jar
2025-06-30 09:58:10,670 [Worker-23: Download sources and javadoc] INFO  o.e.m.j.internal.DownloadSourcesJob - Downloaded sources for org.springframework.cloud:spring-cloud-starter-gateway:4.3.0
2025-06-30 09:58:10,766 [Worker-23: Download sources and javadoc] INFO  o.e.m.c.i.e.AbstractTransferListenerAdapter - Downloading https://repo.maven.apache.org/maven2/org/springframework/cloud/spring-cloud-gateway-server/4.3.0/spring-cloud-gateway-server-4.3.0-sources.jar
2025-06-30 09:58:10,923 [Worker-23: Download sources and javadoc] INFO  o.e.m.c.i.e.AbstractTransferListenerAdapter - Downloaded https://repo.maven.apache.org/maven2/org/springframework/cloud/spring-cloud-gateway-server/4.3.0/spring-cloud-gateway-server-4.3.0-sources.jar
2025-06-30 09:58:10,929 [Worker-23: Download sources and javadoc] INFO  o.e.m.j.internal.DownloadSourcesJob - Downloaded sources for org.springframework.cloud:spring-cloud-gateway-server:4.3.0
2025-06-30 09:58:11,517 [Worker-23: Building] INFO  o.a.m.s.f.DefaultMavenResourcesFiltering - Copying 1 resource from src\main\resources to target\classes
2025-06-30 09:58:11,533 [Worker-23: Building] INFO  o.a.m.s.f.DefaultMavenResourcesFiltering - Copying 0 resource from src\main\resources to target\classes
2025-06-30 09:58:11,536 [Worker-23: Building] INFO  o.a.m.s.f.DefaultMavenResourcesFiltering - skip non existing resourceDirectory D:\Jag\harman_training\Training\microservices\spring-cloud-gateway\src\test\resources
2025-06-30 09:58:33,064 [Worker-27: Building] INFO  o.e.m.c.i.l.LifecycleMappingFactory - Using org.eclipse.m2e.jdt.JarLifecycleMapping lifecycle mapping for MavenProject: com.harman.demo:spring-cloud-gateway:0.0.1-SNAPSHOT @ D:\Jag\harman_training\Training\microservices\spring-cloud-gateway\pom.xml.
2025-06-30 09:58:33,893 [Worker-27: Building] INFO  o.a.m.s.f.DefaultMavenResourcesFiltering - Copying 0 resource from src\main\resources to target\classes
2025-06-30 09:58:33,893 [Worker-27: Building] INFO  o.a.m.s.f.DefaultMavenResourcesFiltering - Copying 0 resource from src\main\resources to target\classes
2025-06-30 09:58:33,898 [Worker-27: Building] INFO  o.a.m.s.f.DefaultMavenResourcesFiltering - skip non existing resourceDirectory D:\Jag\harman_training\Training\microservices\spring-cloud-gateway\src\test\resources
2025-06-30 09:58:34,141 [Worker-19: Building] INFO  o.a.m.s.f.DefaultMavenResourcesFiltering - Copying 1 resource from src\main\resources to target\classes
2025-06-30 09:58:34,154 [Worker-19: Building] INFO  o.a.m.s.f.DefaultMavenResourcesFiltering - Copying 0 resource from src\main\resources to target\classes
2025-06-30 09:58:34,157 [Worker-19: Building] INFO  o.a.m.s.f.DefaultMavenResourcesFiltering - skip non existing resourceDirectory D:\Jag\harman_training\Training\microservices\spring-cloud-gateway\src\test\resources
2025-06-30 09:59:57,427 [Worker-19: Building] INFO  o.a.m.s.f.DefaultMavenResourcesFiltering - Copying 1 resource from src\main\resources to target\classes
2025-06-30 09:59:57,440 [Worker-19: Building] INFO  o.a.m.s.f.DefaultMavenResourcesFiltering - Copying 0 resource from src\main\resources to target\classes
2025-06-30 09:59:57,442 [Worker-19: Building] INFO  o.a.m.s.f.DefaultMavenResourcesFiltering - skip non existing resourceDirectory D:\Jag\harman_training\Training\microservices\spring-cloud-gateway\src\test\resources
2025-06-30 10:01:38,689 [Worker-27: Building] INFO  o.a.m.s.f.DefaultMavenResourcesFiltering - Copying 1 resource from src\main\resources to target\classes
2025-06-30 10:01:38,698 [Worker-27: Building] INFO  o.a.m.s.f.DefaultMavenResourcesFiltering - Copying 0 resource from src\main\resources to target\classes
2025-06-30 10:01:38,700 [Worker-27: Building] INFO  o.a.m.s.f.DefaultMavenResourcesFiltering - skip non existing resourceDirectory D:\Jag\harman_training\Training\microservices\customer-service\src\test\resources
2025-06-30 10:02:04,126 [Worker-23: Building] INFO  o.a.m.s.f.DefaultMavenResourcesFiltering - Copying 1 resource from src\main\resources to target\classes
2025-06-30 10:02:04,131 [Worker-23: Building] INFO  o.a.m.s.f.DefaultMavenResourcesFiltering - Copying 0 resource from src\main\resources to target\classes
2025-06-30 10:02:04,133 [Worker-23: Building] INFO  o.a.m.s.f.DefaultMavenResourcesFiltering - skip non existing resourceDirectory D:\Jag\harman_training\Training\microservices\product-service\src\test\resources
2025-06-30 10:02:14,550 [Worker-19: Building] INFO  o.a.m.s.f.DefaultMavenResourcesFiltering - Copying 1 resource from src\main\resources to target\classes
2025-06-30 10:02:14,556 [Worker-19: Building] INFO  o.a.m.s.f.DefaultMavenResourcesFiltering - Copying 0 resource from src\main\resources to target\classes
2025-06-30 10:02:14,558 [Worker-19: Building] INFO  o.a.m.s.f.DefaultMavenResourcesFiltering - skip non existing resourceDirectory D:\Jag\harman_training\Training\microservices\sale-service\src\test\resources
2025-06-30 10:30:08,021 [Worker-19: Launching mavenrun-65e7285a-42b3-4584-8406-3c5cc30d8088] INFO  o.eclipse.m2e.core.internal.Bundles - getClasspathEntries(Bundle=org.eclipse.m2e.maven.runtime_3.9.900.20240824-1409 [364])
2025-06-30 10:30:08,212 [Worker-19: Launching mavenrun-65e7285a-42b3-4584-8406-3c5cc30d8088] INFO  o.eclipse.m2e.core.internal.Bundles - 	Entry: D:\Softwares\sts-4.27.0.RELEASE\plugins\org.eclipse.m2e.maven.runtime_3.9.900.20240824-1409
2025-06-30 10:30:08,213 [Worker-19: Launching mavenrun-65e7285a-42b3-4584-8406-3c5cc30d8088] INFO  o.eclipse.m2e.core.internal.Bundles - 	Entry: D:\Softwares\sts-4.27.0.RELEASE\plugins\org.eclipse.m2e.maven.runtime_3.9.900.20240824-1409\jars\aopalliance-1.0.jar
2025-06-30 10:30:08,213 [Worker-19: Launching mavenrun-65e7285a-42b3-4584-8406-3c5cc30d8088] INFO  o.eclipse.m2e.core.internal.Bundles - 	Entry: D:\Softwares\sts-4.27.0.RELEASE\plugins\org.eclipse.m2e.maven.runtime_3.9.900.20240824-1409\jars\guice-5.1.0.jar
2025-06-30 10:30:08,213 [Worker-19: Launching mavenrun-65e7285a-42b3-4584-8406-3c5cc30d8088] INFO  o.eclipse.m2e.core.internal.Bundles - 	Entry: D:\Softwares\sts-4.27.0.RELEASE\plugins\org.eclipse.m2e.maven.runtime_3.9.900.20240824-1409\jars\httpclient-4.5.14.jar
2025-06-30 10:30:08,213 [Worker-19: Launching mavenrun-65e7285a-42b3-4584-8406-3c5cc30d8088] INFO  o.eclipse.m2e.core.internal.Bundles - 	Entry: D:\Softwares\sts-4.27.0.RELEASE\plugins\org.eclipse.m2e.maven.runtime_3.9.900.20240824-1409\jars\httpcore-4.4.16.jar
2025-06-30 10:30:08,213 [Worker-19: Launching mavenrun-65e7285a-42b3-4584-8406-3c5cc30d8088] INFO  o.eclipse.m2e.core.internal.Bundles - 	Entry: D:\Softwares\sts-4.27.0.RELEASE\plugins\org.eclipse.m2e.maven.runtime_3.9.900.20240824-1409\jars\jansi-2.4.1.jar
2025-06-30 10:30:08,213 [Worker-19: Launching mavenrun-65e7285a-42b3-4584-8406-3c5cc30d8088] INFO  o.eclipse.m2e.core.internal.Bundles - 	Entry: D:\Softwares\sts-4.27.0.RELEASE\plugins\org.eclipse.m2e.maven.runtime_3.9.900.20240824-1409\jars\jcl-over-slf4j-1.7.36.jar
2025-06-30 10:30:08,213 [Worker-19: Launching mavenrun-65e7285a-42b3-4584-8406-3c5cc30d8088] INFO  o.eclipse.m2e.core.internal.Bundles - 	Entry: D:\Softwares\sts-4.27.0.RELEASE\plugins\org.eclipse.m2e.maven.runtime_3.9.900.20240824-1409\jars\maven-artifact-3.9.9.jar
2025-06-30 10:30:08,213 [Worker-19: Launching mavenrun-65e7285a-42b3-4584-8406-3c5cc30d8088] INFO  o.eclipse.m2e.core.internal.Bundles - 	Entry: D:\Softwares\sts-4.27.0.RELEASE\plugins\org.eclipse.m2e.maven.runtime_3.9.900.20240824-1409\jars\maven-builder-support-3.9.9.jar
2025-06-30 10:30:08,213 [Worker-19: Launching mavenrun-65e7285a-42b3-4584-8406-3c5cc30d8088] INFO  o.eclipse.m2e.core.internal.Bundles - 	Entry: D:\Softwares\sts-4.27.0.RELEASE\plugins\org.eclipse.m2e.maven.runtime_3.9.900.20240824-1409\jars\maven-compat-3.9.9.jar
2025-06-30 10:30:08,213 [Worker-19: Launching mavenrun-65e7285a-42b3-4584-8406-3c5cc30d8088] INFO  o.eclipse.m2e.core.internal.Bundles - 	Entry: D:\Softwares\sts-4.27.0.RELEASE\plugins\org.eclipse.m2e.maven.runtime_3.9.900.20240824-1409\jars\maven-core-3.9.9.jar
2025-06-30 10:30:08,213 [Worker-19: Launching mavenrun-65e7285a-42b3-4584-8406-3c5cc30d8088] INFO  o.eclipse.m2e.core.internal.Bundles - 	Entry: D:\Softwares\sts-4.27.0.RELEASE\plugins\org.eclipse.m2e.maven.runtime_3.9.900.20240824-1409\jars\maven-embedder-3.9.9.jar
2025-06-30 10:30:08,213 [Worker-19: Launching mavenrun-65e7285a-42b3-4584-8406-3c5cc30d8088] INFO  o.eclipse.m2e.core.internal.Bundles - 	Entry: D:\Softwares\sts-4.27.0.RELEASE\plugins\org.eclipse.m2e.maven.runtime_3.9.900.20240824-1409\jars\maven-model-3.9.9.jar
2025-06-30 10:30:08,213 [Worker-19: Launching mavenrun-65e7285a-42b3-4584-8406-3c5cc30d8088] INFO  o.eclipse.m2e.core.internal.Bundles - 	Entry: D:\Softwares\sts-4.27.0.RELEASE\plugins\org.eclipse.m2e.maven.runtime_3.9.900.20240824-1409\jars\maven-model-builder-3.9.9.jar
2025-06-30 10:30:08,213 [Worker-19: Launching mavenrun-65e7285a-42b3-4584-8406-3c5cc30d8088] INFO  o.eclipse.m2e.core.internal.Bundles - 	Entry: D:\Softwares\sts-4.27.0.RELEASE\plugins\org.eclipse.m2e.maven.runtime_3.9.900.20240824-1409\jars\maven-plugin-api-3.9.9.jar
2025-06-30 10:30:08,213 [Worker-19: Launching mavenrun-65e7285a-42b3-4584-8406-3c5cc30d8088] INFO  o.eclipse.m2e.core.internal.Bundles - 	Entry: D:\Softwares\sts-4.27.0.RELEASE\plugins\org.eclipse.m2e.maven.runtime_3.9.900.20240824-1409\jars\maven-repository-metadata-3.9.9.jar
2025-06-30 10:30:08,213 [Worker-19: Launching mavenrun-65e7285a-42b3-4584-8406-3c5cc30d8088] INFO  o.eclipse.m2e.core.internal.Bundles - 	Entry: D:\Softwares\sts-4.27.0.RELEASE\plugins\org.eclipse.m2e.maven.runtime_3.9.900.20240824-1409\jars\maven-resolver-api-1.9.22.jar
2025-06-30 10:30:08,214 [Worker-19: Launching mavenrun-65e7285a-42b3-4584-8406-3c5cc30d8088] INFO  o.eclipse.m2e.core.internal.Bundles - 	Entry: D:\Softwares\sts-4.27.0.RELEASE\plugins\org.eclipse.m2e.maven.runtime_3.9.900.20240824-1409\jars\maven-resolver-connector-basic-1.9.22.jar
2025-06-30 10:30:08,214 [Worker-19: Launching mavenrun-65e7285a-42b3-4584-8406-3c5cc30d8088] INFO  o.eclipse.m2e.core.internal.Bundles - 	Entry: D:\Softwares\sts-4.27.0.RELEASE\plugins\org.eclipse.m2e.maven.runtime_3.9.900.20240824-1409\jars\maven-resolver-impl-1.9.22.jar
2025-06-30 10:30:08,214 [Worker-19: Launching mavenrun-65e7285a-42b3-4584-8406-3c5cc30d8088] INFO  o.eclipse.m2e.core.internal.Bundles - 	Entry: D:\Softwares\sts-4.27.0.RELEASE\plugins\org.eclipse.m2e.maven.runtime_3.9.900.20240824-1409\jars\maven-resolver-named-locks-1.9.22.jar
2025-06-30 10:30:08,214 [Worker-19: Launching mavenrun-65e7285a-42b3-4584-8406-3c5cc30d8088] INFO  o.eclipse.m2e.core.internal.Bundles - 	Entry: D:\Softwares\sts-4.27.0.RELEASE\plugins\org.eclipse.m2e.maven.runtime_3.9.900.20240824-1409\jars\maven-resolver-provider-3.9.9.jar
2025-06-30 10:30:08,214 [Worker-19: Launching mavenrun-65e7285a-42b3-4584-8406-3c5cc30d8088] INFO  o.eclipse.m2e.core.internal.Bundles - 	Entry: D:\Softwares\sts-4.27.0.RELEASE\plugins\org.eclipse.m2e.maven.runtime_3.9.900.20240824-1409\jars\maven-resolver-spi-1.9.22.jar
2025-06-30 10:30:08,214 [Worker-19: Launching mavenrun-65e7285a-42b3-4584-8406-3c5cc30d8088] INFO  o.eclipse.m2e.core.internal.Bundles - 	Entry: D:\Softwares\sts-4.27.0.RELEASE\plugins\org.eclipse.m2e.maven.runtime_3.9.900.20240824-1409\jars\maven-resolver-transport-file-1.9.22.jar
2025-06-30 10:30:08,214 [Worker-19: Launching mavenrun-65e7285a-42b3-4584-8406-3c5cc30d8088] INFO  o.eclipse.m2e.core.internal.Bundles - 	Entry: D:\Softwares\sts-4.27.0.RELEASE\plugins\org.eclipse.m2e.maven.runtime_3.9.900.20240824-1409\jars\maven-resolver-transport-http-1.9.22.jar
2025-06-30 10:30:08,214 [Worker-19: Launching mavenrun-65e7285a-42b3-4584-8406-3c5cc30d8088] INFO  o.eclipse.m2e.core.internal.Bundles - 	Entry: D:\Softwares\sts-4.27.0.RELEASE\plugins\org.eclipse.m2e.maven.runtime_3.9.900.20240824-1409\jars\maven-resolver-transport-wagon-1.9.22.jar
2025-06-30 10:30:08,214 [Worker-19: Launching mavenrun-65e7285a-42b3-4584-8406-3c5cc30d8088] INFO  o.eclipse.m2e.core.internal.Bundles - 	Entry: D:\Softwares\sts-4.27.0.RELEASE\plugins\org.eclipse.m2e.maven.runtime_3.9.900.20240824-1409\jars\maven-resolver-util-1.9.22.jar
2025-06-30 10:30:08,214 [Worker-19: Launching mavenrun-65e7285a-42b3-4584-8406-3c5cc30d8088] INFO  o.eclipse.m2e.core.internal.Bundles - 	Entry: D:\Softwares\sts-4.27.0.RELEASE\plugins\org.eclipse.m2e.maven.runtime_3.9.900.20240824-1409\jars\maven-settings-3.9.9.jar
2025-06-30 10:30:08,214 [Worker-19: Launching mavenrun-65e7285a-42b3-4584-8406-3c5cc30d8088] INFO  o.eclipse.m2e.core.internal.Bundles - 	Entry: D:\Softwares\sts-4.27.0.RELEASE\plugins\org.eclipse.m2e.maven.runtime_3.9.900.20240824-1409\jars\maven-settings-builder-3.9.9.jar
2025-06-30 10:30:08,214 [Worker-19: Launching mavenrun-65e7285a-42b3-4584-8406-3c5cc30d8088] INFO  o.eclipse.m2e.core.internal.Bundles - 	Entry: D:\Softwares\sts-4.27.0.RELEASE\plugins\org.eclipse.m2e.maven.runtime_3.9.900.20240824-1409\jars\maven-shared-utils-3.4.2.jar
2025-06-30 10:30:08,214 [Worker-19: Launching mavenrun-65e7285a-42b3-4584-8406-3c5cc30d8088] INFO  o.eclipse.m2e.core.internal.Bundles - 	Entry: D:\Softwares\sts-4.27.0.RELEASE\plugins\org.eclipse.m2e.maven.runtime_3.9.900.20240824-1409\jars\org.eclipse.sisu.inject-0.9.0.M3.jar
2025-06-30 10:30:08,214 [Worker-19: Launching mavenrun-65e7285a-42b3-4584-8406-3c5cc30d8088] INFO  o.eclipse.m2e.core.internal.Bundles - 	Entry: D:\Softwares\sts-4.27.0.RELEASE\plugins\org.eclipse.m2e.maven.runtime_3.9.900.20240824-1409\jars\org.eclipse.sisu.plexus-0.9.0.M3.jar
2025-06-30 10:30:08,214 [Worker-19: Launching mavenrun-65e7285a-42b3-4584-8406-3c5cc30d8088] INFO  o.eclipse.m2e.core.internal.Bundles - 	Entry: D:\Softwares\sts-4.27.0.RELEASE\plugins\org.eclipse.m2e.maven.runtime_3.9.900.20240824-1409\jars\plexus-build-api-0.0.7.jar
2025-06-30 10:30:08,214 [Worker-19: Launching mavenrun-65e7285a-42b3-4584-8406-3c5cc30d8088] INFO  o.eclipse.m2e.core.internal.Bundles - 	Entry: D:\Softwares\sts-4.27.0.RELEASE\plugins\org.eclipse.m2e.maven.runtime_3.9.900.20240824-1409\jars\plexus-build-api-1.2.0.jar
2025-06-30 10:30:08,214 [Worker-19: Launching mavenrun-65e7285a-42b3-4584-8406-3c5cc30d8088] INFO  o.eclipse.m2e.core.internal.Bundles - 	Entry: D:\Softwares\sts-4.27.0.RELEASE\plugins\org.eclipse.m2e.maven.runtime_3.9.900.20240824-1409\jars\plexus-cipher-2.0.jar
2025-06-30 10:30:08,214 [Worker-19: Launching mavenrun-65e7285a-42b3-4584-8406-3c5cc30d8088] INFO  o.eclipse.m2e.core.internal.Bundles - 	Entry: D:\Softwares\sts-4.27.0.RELEASE\plugins\org.eclipse.m2e.maven.runtime_3.9.900.20240824-1409\jars\plexus-classworlds-2.8.0.jar
2025-06-30 10:30:08,214 [Worker-19: Launching mavenrun-65e7285a-42b3-4584-8406-3c5cc30d8088] INFO  o.eclipse.m2e.core.internal.Bundles - 	Entry: D:\Softwares\sts-4.27.0.RELEASE\plugins\org.eclipse.m2e.maven.runtime_3.9.900.20240824-1409\jars\plexus-component-annotations-2.1.0.jar
2025-06-30 10:30:08,215 [Worker-19: Launching mavenrun-65e7285a-42b3-4584-8406-3c5cc30d8088] INFO  o.eclipse.m2e.core.internal.Bundles - 	Entry: D:\Softwares\sts-4.27.0.RELEASE\plugins\org.eclipse.m2e.maven.runtime_3.9.900.20240824-1409\jars\plexus-interpolation-1.27.jar
2025-06-30 10:30:08,215 [Worker-19: Launching mavenrun-65e7285a-42b3-4584-8406-3c5cc30d8088] INFO  o.eclipse.m2e.core.internal.Bundles - 	Entry: D:\Softwares\sts-4.27.0.RELEASE\plugins\org.eclipse.m2e.maven.runtime_3.9.900.20240824-1409\jars\plexus-sec-dispatcher-2.0.jar
2025-06-30 10:30:08,215 [Worker-19: Launching mavenrun-65e7285a-42b3-4584-8406-3c5cc30d8088] INFO  o.eclipse.m2e.core.internal.Bundles - 	Entry: D:\Softwares\sts-4.27.0.RELEASE\plugins\org.eclipse.m2e.maven.runtime_3.9.900.20240824-1409\jars\plexus-utils-3.5.1.jar
2025-06-30 10:30:08,215 [Worker-19: Launching mavenrun-65e7285a-42b3-4584-8406-3c5cc30d8088] INFO  o.eclipse.m2e.core.internal.Bundles - 	Entry: D:\Softwares\sts-4.27.0.RELEASE\plugins\org.eclipse.m2e.maven.runtime_3.9.900.20240824-1409\jars\plexus-xml-3.0.1.jar
2025-06-30 10:30:08,215 [Worker-19: Launching mavenrun-65e7285a-42b3-4584-8406-3c5cc30d8088] INFO  o.eclipse.m2e.core.internal.Bundles - 	Entry: D:\Softwares\sts-4.27.0.RELEASE\plugins\org.eclipse.m2e.maven.runtime_3.9.900.20240824-1409\jars\wagon-file-3.5.3.jar
2025-06-30 10:30:08,215 [Worker-19: Launching mavenrun-65e7285a-42b3-4584-8406-3c5cc30d8088] INFO  o.eclipse.m2e.core.internal.Bundles - 	Entry: D:\Softwares\sts-4.27.0.RELEASE\plugins\org.eclipse.m2e.maven.runtime_3.9.900.20240824-1409\jars\wagon-http-3.5.3.jar
2025-06-30 10:30:08,215 [Worker-19: Launching mavenrun-65e7285a-42b3-4584-8406-3c5cc30d8088] INFO  o.eclipse.m2e.core.internal.Bundles - 	Entry: D:\Softwares\sts-4.27.0.RELEASE\plugins\org.eclipse.m2e.maven.runtime_3.9.900.20240824-1409\jars\wagon-http-shared-3.5.3.jar
2025-06-30 10:30:08,215 [Worker-19: Launching mavenrun-65e7285a-42b3-4584-8406-3c5cc30d8088] INFO  o.eclipse.m2e.core.internal.Bundles - 	Entry: D:\Softwares\sts-4.27.0.RELEASE\plugins\org.eclipse.m2e.maven.runtime_3.9.900.20240824-1409\jars\wagon-provider-api-3.5.3.jar
2025-06-30 10:30:08,251 [Worker-19: Launching mavenrun-65e7285a-42b3-4584-8406-3c5cc30d8088] INFO  o.eclipse.m2e.core.internal.Bundles - getClasspathEntries(Bundle=com.google.guava_33.3.1.jre [29])
2025-06-30 10:30:08,268 [Worker-19: Launching mavenrun-65e7285a-42b3-4584-8406-3c5cc30d8088] INFO  o.eclipse.m2e.core.internal.Bundles - 	Entry: D:\Softwares\sts-4.27.0.RELEASE\plugins\com.google.guava_33.3.1.jre.jar
2025-06-30 10:30:08,268 [Worker-19: Launching mavenrun-65e7285a-42b3-4584-8406-3c5cc30d8088] INFO  o.eclipse.m2e.core.internal.Bundles - getClasspathEntries(Bundle=slf4j.api_2.0.16 [615])
2025-06-30 10:30:08,269 [Worker-19: Launching mavenrun-65e7285a-42b3-4584-8406-3c5cc30d8088] INFO  o.eclipse.m2e.core.internal.Bundles - 	Entry: D:\Softwares\sts-4.27.0.RELEASE\plugins\slf4j.api_2.0.16.jar
2025-06-30 10:30:08,269 [Worker-19: Launching mavenrun-65e7285a-42b3-4584-8406-3c5cc30d8088] INFO  o.eclipse.m2e.core.internal.Bundles - getClasspathEntries(Bundle=jakarta.inject.jakarta.inject-api_1.0.5 [45])
2025-06-30 10:30:08,270 [Worker-19: Launching mavenrun-65e7285a-42b3-4584-8406-3c5cc30d8088] INFO  o.eclipse.m2e.core.internal.Bundles - 	Entry: D:\Softwares\sts-4.27.0.RELEASE\plugins\jakarta.inject.jakarta.inject-api_1.0.5.jar
2025-06-30 10:30:08,270 [Worker-19: Launching mavenrun-65e7285a-42b3-4584-8406-3c5cc30d8088] INFO  o.eclipse.m2e.core.internal.Bundles - getClasspathEntries(Bundle=jakarta.annotation-api_1.3.5 [41])
2025-06-30 10:30:08,270 [Worker-19: Launching mavenrun-65e7285a-42b3-4584-8406-3c5cc30d8088] INFO  o.eclipse.m2e.core.internal.Bundles - 	Entry: D:\Softwares\sts-4.27.0.RELEASE\plugins\jakarta.annotation-api_1.3.5.jar
2025-06-30 10:30:08,270 [Worker-19: Launching mavenrun-65e7285a-42b3-4584-8406-3c5cc30d8088] INFO  o.eclipse.m2e.core.internal.Bundles - getClasspathEntries(Bundle=org.apache.commons.cli_1.9.0 [78])
2025-06-30 10:30:08,291 [Worker-19: Launching mavenrun-65e7285a-42b3-4584-8406-3c5cc30d8088] INFO  o.eclipse.m2e.core.internal.Bundles - 	Entry: D:\Softwares\sts-4.27.0.RELEASE\plugins\org.apache.commons.cli_1.9.0.jar
2025-06-30 10:30:08,291 [Worker-19: Launching mavenrun-65e7285a-42b3-4584-8406-3c5cc30d8088] INFO  o.eclipse.m2e.core.internal.Bundles - getClasspathEntries(Bundle=org.apache.commons.commons-codec_1.16.0 [81])
2025-06-30 10:30:08,307 [Worker-19: Launching mavenrun-65e7285a-42b3-4584-8406-3c5cc30d8088] INFO  o.eclipse.m2e.core.internal.Bundles - 	Entry: D:\Softwares\sts-4.27.0.RELEASE\plugins\org.apache.commons.commons-codec_1.16.0.jar
2025-06-30 10:30:08,307 [Worker-19: Launching mavenrun-65e7285a-42b3-4584-8406-3c5cc30d8088] INFO  o.eclipse.m2e.core.internal.Bundles - getClasspathEntries(Bundle=com.google.guava.failureaccess_1.0.2 [30])
2025-06-30 10:30:08,319 [Worker-19: Launching mavenrun-65e7285a-42b3-4584-8406-3c5cc30d8088] INFO  o.eclipse.m2e.core.internal.Bundles - 	Entry: D:\Softwares\sts-4.27.0.RELEASE\plugins\com.google.guava.failureaccess_1.0.2.jar
2025-06-30 10:30:08,392 [Worker-19: Launching mavenrun-65e7285a-42b3-4584-8406-3c5cc30d8088] INFO  o.e.m.i.launch.MavenLaunchDelegate - Run build in "C:\Users\rjaga\AppData\Local\Temp\m2e-archetypeGenerator9279153849296557400":
2025-06-30 10:30:08,392 [Worker-19: Launching mavenrun-65e7285a-42b3-4584-8406-3c5cc30d8088] INFO  o.e.m.i.launch.MavenLaunchDelegate -  mvn  -DarchetypeGroupId=org.apache.maven.archetypes -DarchetypeArtifactId=maven-archetype-quickstart -DarchetypeVersion=1.1 -DgroupId=com.harman.demo -DartifactId=sonar-1 -Dversion=0.0.1-SNAPSHOT -Dpackage=com.harman.demo -DoutputDirectory=D:\Jag\harman_training\Training\microservices -Dstyle.color=always -U archetype:generate
2025-06-30 10:30:29,152 [Worker-21: Creating maven-archetype-quickstart] INFO  o.e.m.c.i.p.ProjectConfigurationManager - Collecting project info '/pom.xml' D:\Jag\harman_training\Training\microservices\sonar-1\pom.xml
2025-06-30 10:30:30,685 [Worker-21: Creating maven-archetype-quickstart] INFO  o.e.m.c.i.l.LifecycleMappingFactory - Using org.eclipse.m2e.jdt.JarLifecycleMapping lifecycle mapping for MavenProject: com.harman.demo:sonar-1:0.0.1-SNAPSHOT @ D:\Jag\harman_training\Training\microservices\sonar-1\pom.xml.
2025-06-30 10:30:32,495 [Worker-21: Creating maven-archetype-quickstart] INFO  o.e.m.j.i.AbstractJavaProjectConfigurator - Adding source folder /sonar-1/src/main/java
2025-06-30 10:30:32,496 [Worker-21: Creating maven-archetype-quickstart] INFO  o.e.m.j.i.AbstractJavaProjectConfigurator - Adding resource folder /sonar-1/src/main/resources
2025-06-30 10:30:32,498 [Worker-21: Creating maven-archetype-quickstart] INFO  o.e.m.j.i.AbstractJavaProjectConfigurator - Adding source folder /sonar-1/src/test/java
2025-06-30 10:30:32,498 [Worker-21: Creating maven-archetype-quickstart] INFO  o.e.m.j.i.AbstractJavaProjectConfigurator - Adding resource folder /sonar-1/src/test/resources
2025-06-30 10:30:33,015 [Worker-21: Creating maven-archetype-quickstart] INFO  o.e.m.c.i.p.ProjectConfigurationManager - Imported and configured 1 project(s) in 3 sec
2025-06-30 10:30:40,032 [Worker-21: Building] INFO  o.a.m.s.f.DefaultMavenResourcesFiltering - skip non existing resourceDirectory D:\Jag\harman_training\Training\microservices\sonar-1\src\main\resources
2025-06-30 10:30:40,036 [Worker-21: Building] INFO  o.a.m.s.f.DefaultMavenResourcesFiltering - skip non existing resourceDirectory D:\Jag\harman_training\Training\microservices\sonar-1\src\test\resources
2025-06-30 10:31:48,862 [Worker-25: Building] INFO  o.a.m.s.f.DefaultMavenResourcesFiltering - skip non existing resourceDirectory D:\Jag\harman_training\Training\microservices\sonar-1\src\main\resources
2025-06-30 10:31:48,904 [Worker-25: Building] INFO  o.a.m.s.f.DefaultMavenResourcesFiltering - skip non existing resourceDirectory D:\Jag\harman_training\Training\microservices\sonar-1\src\test\resources
2025-06-30 10:32:35,052 [Worker-32: Building] INFO  o.a.m.s.f.DefaultMavenResourcesFiltering - skip non existing resourceDirectory D:\Jag\harman_training\Training\microservices\sonar-1\src\main\resources
2025-06-30 10:32:35,053 [Worker-32: Building] INFO  o.a.m.s.f.DefaultMavenResourcesFiltering - skip non existing resourceDirectory D:\Jag\harman_training\Training\microservices\sonar-1\src\test\resources
2025-06-30 10:33:04,841 [Worker-28: Building] INFO  o.a.m.s.f.DefaultMavenResourcesFiltering - skip non existing resourceDirectory D:\Jag\harman_training\Training\microservices\sonar-1\src\main\resources
2025-06-30 10:33:04,842 [Worker-28: Building] INFO  o.a.m.s.f.DefaultMavenResourcesFiltering - skip non existing resourceDirectory D:\Jag\harman_training\Training\microservices\sonar-1\src\test\resources
2025-06-30 10:35:39,488 [main] INFO  o.e.m2e.actions.ExecutePomAction - Creating new launch configuration
2025-06-30 10:35:45,141 [Worker-20: Launching sonar-1] INFO  o.eclipse.m2e.core.internal.Bundles - getClasspathEntries(Bundle=org.eclipse.m2e.maven.runtime_3.9.900.20240824-1409 [364])
2025-06-30 10:35:45,142 [Worker-20: Launching sonar-1] INFO  o.eclipse.m2e.core.internal.Bundles - 	Entry: D:\Softwares\sts-4.27.0.RELEASE\plugins\org.eclipse.m2e.maven.runtime_3.9.900.20240824-1409
2025-06-30 10:35:45,142 [Worker-20: Launching sonar-1] INFO  o.eclipse.m2e.core.internal.Bundles - 	Entry: D:\Softwares\sts-4.27.0.RELEASE\plugins\org.eclipse.m2e.maven.runtime_3.9.900.20240824-1409\jars\aopalliance-1.0.jar
2025-06-30 10:35:45,142 [Worker-20: Launching sonar-1] INFO  o.eclipse.m2e.core.internal.Bundles - 	Entry: D:\Softwares\sts-4.27.0.RELEASE\plugins\org.eclipse.m2e.maven.runtime_3.9.900.20240824-1409\jars\guice-5.1.0.jar
2025-06-30 10:35:45,142 [Worker-20: Launching sonar-1] INFO  o.eclipse.m2e.core.internal.Bundles - 	Entry: D:\Softwares\sts-4.27.0.RELEASE\plugins\org.eclipse.m2e.maven.runtime_3.9.900.20240824-1409\jars\httpclient-4.5.14.jar
2025-06-30 10:35:45,142 [Worker-20: Launching sonar-1] INFO  o.eclipse.m2e.core.internal.Bundles - 	Entry: D:\Softwares\sts-4.27.0.RELEASE\plugins\org.eclipse.m2e.maven.runtime_3.9.900.20240824-1409\jars\httpcore-4.4.16.jar
2025-06-30 10:35:45,142 [Worker-20: Launching sonar-1] INFO  o.eclipse.m2e.core.internal.Bundles - 	Entry: D:\Softwares\sts-4.27.0.RELEASE\plugins\org.eclipse.m2e.maven.runtime_3.9.900.20240824-1409\jars\jansi-2.4.1.jar
2025-06-30 10:35:45,142 [Worker-20: Launching sonar-1] INFO  o.eclipse.m2e.core.internal.Bundles - 	Entry: D:\Softwares\sts-4.27.0.RELEASE\plugins\org.eclipse.m2e.maven.runtime_3.9.900.20240824-1409\jars\jcl-over-slf4j-1.7.36.jar
2025-06-30 10:35:45,142 [Worker-20: Launching sonar-1] INFO  o.eclipse.m2e.core.internal.Bundles - 	Entry: D:\Softwares\sts-4.27.0.RELEASE\plugins\org.eclipse.m2e.maven.runtime_3.9.900.20240824-1409\jars\maven-artifact-3.9.9.jar
2025-06-30 10:35:45,142 [Worker-20: Launching sonar-1] INFO  o.eclipse.m2e.core.internal.Bundles - 	Entry: D:\Softwares\sts-4.27.0.RELEASE\plugins\org.eclipse.m2e.maven.runtime_3.9.900.20240824-1409\jars\maven-builder-support-3.9.9.jar
2025-06-30 10:35:45,142 [Worker-20: Launching sonar-1] INFO  o.eclipse.m2e.core.internal.Bundles - 	Entry: D:\Softwares\sts-4.27.0.RELEASE\plugins\org.eclipse.m2e.maven.runtime_3.9.900.20240824-1409\jars\maven-compat-3.9.9.jar
2025-06-30 10:35:45,142 [Worker-20: Launching sonar-1] INFO  o.eclipse.m2e.core.internal.Bundles - 	Entry: D:\Softwares\sts-4.27.0.RELEASE\plugins\org.eclipse.m2e.maven.runtime_3.9.900.20240824-1409\jars\maven-core-3.9.9.jar
2025-06-30 10:35:45,142 [Worker-20: Launching sonar-1] INFO  o.eclipse.m2e.core.internal.Bundles - 	Entry: D:\Softwares\sts-4.27.0.RELEASE\plugins\org.eclipse.m2e.maven.runtime_3.9.900.20240824-1409\jars\maven-embedder-3.9.9.jar
2025-06-30 10:35:45,142 [Worker-20: Launching sonar-1] INFO  o.eclipse.m2e.core.internal.Bundles - 	Entry: D:\Softwares\sts-4.27.0.RELEASE\plugins\org.eclipse.m2e.maven.runtime_3.9.900.20240824-1409\jars\maven-model-3.9.9.jar
2025-06-30 10:35:45,143 [Worker-20: Launching sonar-1] INFO  o.eclipse.m2e.core.internal.Bundles - 	Entry: D:\Softwares\sts-4.27.0.RELEASE\plugins\org.eclipse.m2e.maven.runtime_3.9.900.20240824-1409\jars\maven-model-builder-3.9.9.jar
2025-06-30 10:35:45,143 [Worker-20: Launching sonar-1] INFO  o.eclipse.m2e.core.internal.Bundles - 	Entry: D:\Softwares\sts-4.27.0.RELEASE\plugins\org.eclipse.m2e.maven.runtime_3.9.900.20240824-1409\jars\maven-plugin-api-3.9.9.jar
2025-06-30 10:35:45,174 [Worker-20: Launching sonar-1] INFO  o.eclipse.m2e.core.internal.Bundles - 	Entry: D:\Softwares\sts-4.27.0.RELEASE\plugins\org.eclipse.m2e.maven.runtime_3.9.900.20240824-1409\jars\maven-repository-metadata-3.9.9.jar
2025-06-30 10:35:45,175 [Worker-20: Launching sonar-1] INFO  o.eclipse.m2e.core.internal.Bundles - 	Entry: D:\Softwares\sts-4.27.0.RELEASE\plugins\org.eclipse.m2e.maven.runtime_3.9.900.20240824-1409\jars\maven-resolver-api-1.9.22.jar
2025-06-30 10:35:45,175 [Worker-20: Launching sonar-1] INFO  o.eclipse.m2e.core.internal.Bundles - 	Entry: D:\Softwares\sts-4.27.0.RELEASE\plugins\org.eclipse.m2e.maven.runtime_3.9.900.20240824-1409\jars\maven-resolver-connector-basic-1.9.22.jar
2025-06-30 10:35:45,175 [Worker-20: Launching sonar-1] INFO  o.eclipse.m2e.core.internal.Bundles - 	Entry: D:\Softwares\sts-4.27.0.RELEASE\plugins\org.eclipse.m2e.maven.runtime_3.9.900.20240824-1409\jars\maven-resolver-impl-1.9.22.jar
2025-06-30 10:35:45,175 [Worker-20: Launching sonar-1] INFO  o.eclipse.m2e.core.internal.Bundles - 	Entry: D:\Softwares\sts-4.27.0.RELEASE\plugins\org.eclipse.m2e.maven.runtime_3.9.900.20240824-1409\jars\maven-resolver-named-locks-1.9.22.jar
2025-06-30 10:35:45,175 [Worker-20: Launching sonar-1] INFO  o.eclipse.m2e.core.internal.Bundles - 	Entry: D:\Softwares\sts-4.27.0.RELEASE\plugins\org.eclipse.m2e.maven.runtime_3.9.900.20240824-1409\jars\maven-resolver-provider-3.9.9.jar
2025-06-30 10:35:45,175 [Worker-20: Launching sonar-1] INFO  o.eclipse.m2e.core.internal.Bundles - 	Entry: D:\Softwares\sts-4.27.0.RELEASE\plugins\org.eclipse.m2e.maven.runtime_3.9.900.20240824-1409\jars\maven-resolver-spi-1.9.22.jar
2025-06-30 10:35:45,175 [Worker-20: Launching sonar-1] INFO  o.eclipse.m2e.core.internal.Bundles - 	Entry: D:\Softwares\sts-4.27.0.RELEASE\plugins\org.eclipse.m2e.maven.runtime_3.9.900.20240824-1409\jars\maven-resolver-transport-file-1.9.22.jar
2025-06-30 10:35:45,175 [Worker-20: Launching sonar-1] INFO  o.eclipse.m2e.core.internal.Bundles - 	Entry: D:\Softwares\sts-4.27.0.RELEASE\plugins\org.eclipse.m2e.maven.runtime_3.9.900.20240824-1409\jars\maven-resolver-transport-http-1.9.22.jar
2025-06-30 10:35:45,175 [Worker-20: Launching sonar-1] INFO  o.eclipse.m2e.core.internal.Bundles - 	Entry: D:\Softwares\sts-4.27.0.RELEASE\plugins\org.eclipse.m2e.maven.runtime_3.9.900.20240824-1409\jars\maven-resolver-transport-wagon-1.9.22.jar
2025-06-30 10:35:45,175 [Worker-20: Launching sonar-1] INFO  o.eclipse.m2e.core.internal.Bundles - 	Entry: D:\Softwares\sts-4.27.0.RELEASE\plugins\org.eclipse.m2e.maven.runtime_3.9.900.20240824-1409\jars\maven-resolver-util-1.9.22.jar
2025-06-30 10:35:45,175 [Worker-20: Launching sonar-1] INFO  o.eclipse.m2e.core.internal.Bundles - 	Entry: D:\Softwares\sts-4.27.0.RELEASE\plugins\org.eclipse.m2e.maven.runtime_3.9.900.20240824-1409\jars\maven-settings-3.9.9.jar
2025-06-30 10:35:45,175 [Worker-20: Launching sonar-1] INFO  o.eclipse.m2e.core.internal.Bundles - 	Entry: D:\Softwares\sts-4.27.0.RELEASE\plugins\org.eclipse.m2e.maven.runtime_3.9.900.20240824-1409\jars\maven-settings-builder-3.9.9.jar
2025-06-30 10:35:45,175 [Worker-20: Launching sonar-1] INFO  o.eclipse.m2e.core.internal.Bundles - 	Entry: D:\Softwares\sts-4.27.0.RELEASE\plugins\org.eclipse.m2e.maven.runtime_3.9.900.20240824-1409\jars\maven-shared-utils-3.4.2.jar
2025-06-30 10:35:45,175 [Worker-20: Launching sonar-1] INFO  o.eclipse.m2e.core.internal.Bundles - 	Entry: D:\Softwares\sts-4.27.0.RELEASE\plugins\org.eclipse.m2e.maven.runtime_3.9.900.20240824-1409\jars\org.eclipse.sisu.inject-0.9.0.M3.jar
2025-06-30 10:35:45,175 [Worker-20: Launching sonar-1] INFO  o.eclipse.m2e.core.internal.Bundles - 	Entry: D:\Softwares\sts-4.27.0.RELEASE\plugins\org.eclipse.m2e.maven.runtime_3.9.900.20240824-1409\jars\org.eclipse.sisu.plexus-0.9.0.M3.jar
2025-06-30 10:35:45,175 [Worker-20: Launching sonar-1] INFO  o.eclipse.m2e.core.internal.Bundles - 	Entry: D:\Softwares\sts-4.27.0.RELEASE\plugins\org.eclipse.m2e.maven.runtime_3.9.900.20240824-1409\jars\plexus-build-api-0.0.7.jar
2025-06-30 10:35:45,175 [Worker-20: Launching sonar-1] INFO  o.eclipse.m2e.core.internal.Bundles - 	Entry: D:\Softwares\sts-4.27.0.RELEASE\plugins\org.eclipse.m2e.maven.runtime_3.9.900.20240824-1409\jars\plexus-build-api-1.2.0.jar
2025-06-30 10:35:45,176 [Worker-20: Launching sonar-1] INFO  o.eclipse.m2e.core.internal.Bundles - 	Entry: D:\Softwares\sts-4.27.0.RELEASE\plugins\org.eclipse.m2e.maven.runtime_3.9.900.20240824-1409\jars\plexus-cipher-2.0.jar
2025-06-30 10:35:45,176 [Worker-20: Launching sonar-1] INFO  o.eclipse.m2e.core.internal.Bundles - 	Entry: D:\Softwares\sts-4.27.0.RELEASE\plugins\org.eclipse.m2e.maven.runtime_3.9.900.20240824-1409\jars\plexus-classworlds-2.8.0.jar
2025-06-30 10:35:45,176 [Worker-20: Launching sonar-1] INFO  o.eclipse.m2e.core.internal.Bundles - 	Entry: D:\Softwares\sts-4.27.0.RELEASE\plugins\org.eclipse.m2e.maven.runtime_3.9.900.20240824-1409\jars\plexus-component-annotations-2.1.0.jar
2025-06-30 10:35:45,176 [Worker-20: Launching sonar-1] INFO  o.eclipse.m2e.core.internal.Bundles - 	Entry: D:\Softwares\sts-4.27.0.RELEASE\plugins\org.eclipse.m2e.maven.runtime_3.9.900.20240824-1409\jars\plexus-interpolation-1.27.jar
2025-06-30 10:35:45,176 [Worker-20: Launching sonar-1] INFO  o.eclipse.m2e.core.internal.Bundles - 	Entry: D:\Softwares\sts-4.27.0.RELEASE\plugins\org.eclipse.m2e.maven.runtime_3.9.900.20240824-1409\jars\plexus-sec-dispatcher-2.0.jar
2025-06-30 10:35:45,176 [Worker-20: Launching sonar-1] INFO  o.eclipse.m2e.core.internal.Bundles - 	Entry: D:\Softwares\sts-4.27.0.RELEASE\plugins\org.eclipse.m2e.maven.runtime_3.9.900.20240824-1409\jars\plexus-utils-3.5.1.jar
2025-06-30 10:35:45,176 [Worker-20: Launching sonar-1] INFO  o.eclipse.m2e.core.internal.Bundles - 	Entry: D:\Softwares\sts-4.27.0.RELEASE\plugins\org.eclipse.m2e.maven.runtime_3.9.900.20240824-1409\jars\plexus-xml-3.0.1.jar
2025-06-30 10:35:45,176 [Worker-20: Launching sonar-1] INFO  o.eclipse.m2e.core.internal.Bundles - 	Entry: D:\Softwares\sts-4.27.0.RELEASE\plugins\org.eclipse.m2e.maven.runtime_3.9.900.20240824-1409\jars\wagon-file-3.5.3.jar
2025-06-30 10:35:45,176 [Worker-20: Launching sonar-1] INFO  o.eclipse.m2e.core.internal.Bundles - 	Entry: D:\Softwares\sts-4.27.0.RELEASE\plugins\org.eclipse.m2e.maven.runtime_3.9.900.20240824-1409\jars\wagon-http-3.5.3.jar
2025-06-30 10:35:45,176 [Worker-20: Launching sonar-1] INFO  o.eclipse.m2e.core.internal.Bundles - 	Entry: D:\Softwares\sts-4.27.0.RELEASE\plugins\org.eclipse.m2e.maven.runtime_3.9.900.20240824-1409\jars\wagon-http-shared-3.5.3.jar
2025-06-30 10:35:45,176 [Worker-20: Launching sonar-1] INFO  o.eclipse.m2e.core.internal.Bundles - 	Entry: D:\Softwares\sts-4.27.0.RELEASE\plugins\org.eclipse.m2e.maven.runtime_3.9.900.20240824-1409\jars\wagon-provider-api-3.5.3.jar
2025-06-30 10:35:45,176 [Worker-20: Launching sonar-1] INFO  o.eclipse.m2e.core.internal.Bundles - getClasspathEntries(Bundle=com.google.guava_33.3.1.jre [29])
2025-06-30 10:35:45,176 [Worker-20: Launching sonar-1] INFO  o.eclipse.m2e.core.internal.Bundles - 	Entry: D:\Softwares\sts-4.27.0.RELEASE\plugins\com.google.guava_33.3.1.jre.jar
2025-06-30 10:35:45,176 [Worker-20: Launching sonar-1] INFO  o.eclipse.m2e.core.internal.Bundles - getClasspathEntries(Bundle=slf4j.api_2.0.16 [615])
2025-06-30 10:35:45,177 [Worker-20: Launching sonar-1] INFO  o.eclipse.m2e.core.internal.Bundles - 	Entry: D:\Softwares\sts-4.27.0.RELEASE\plugins\slf4j.api_2.0.16.jar
2025-06-30 10:35:45,177 [Worker-20: Launching sonar-1] INFO  o.eclipse.m2e.core.internal.Bundles - getClasspathEntries(Bundle=jakarta.inject.jakarta.inject-api_1.0.5 [45])
2025-06-30 10:35:45,177 [Worker-20: Launching sonar-1] INFO  o.eclipse.m2e.core.internal.Bundles - 	Entry: D:\Softwares\sts-4.27.0.RELEASE\plugins\jakarta.inject.jakarta.inject-api_1.0.5.jar
2025-06-30 10:35:45,177 [Worker-20: Launching sonar-1] INFO  o.eclipse.m2e.core.internal.Bundles - getClasspathEntries(Bundle=jakarta.annotation-api_1.3.5 [41])
2025-06-30 10:35:45,177 [Worker-20: Launching sonar-1] INFO  o.eclipse.m2e.core.internal.Bundles - 	Entry: D:\Softwares\sts-4.27.0.RELEASE\plugins\jakarta.annotation-api_1.3.5.jar
2025-06-30 10:35:45,177 [Worker-20: Launching sonar-1] INFO  o.eclipse.m2e.core.internal.Bundles - getClasspathEntries(Bundle=org.apache.commons.cli_1.9.0 [78])
2025-06-30 10:35:45,177 [Worker-20: Launching sonar-1] INFO  o.eclipse.m2e.core.internal.Bundles - 	Entry: D:\Softwares\sts-4.27.0.RELEASE\plugins\org.apache.commons.cli_1.9.0.jar
2025-06-30 10:35:45,177 [Worker-20: Launching sonar-1] INFO  o.eclipse.m2e.core.internal.Bundles - getClasspathEntries(Bundle=org.apache.commons.commons-codec_1.16.0 [81])
2025-06-30 10:35:45,178 [Worker-20: Launching sonar-1] INFO  o.eclipse.m2e.core.internal.Bundles - 	Entry: D:\Softwares\sts-4.27.0.RELEASE\plugins\org.apache.commons.commons-codec_1.16.0.jar
2025-06-30 10:35:45,178 [Worker-20: Launching sonar-1] INFO  o.eclipse.m2e.core.internal.Bundles - getClasspathEntries(Bundle=com.google.guava.failureaccess_1.0.2 [30])
2025-06-30 10:35:45,178 [Worker-20: Launching sonar-1] INFO  o.eclipse.m2e.core.internal.Bundles - 	Entry: D:\Softwares\sts-4.27.0.RELEASE\plugins\com.google.guava.failureaccess_1.0.2.jar
2025-06-30 10:35:45,178 [Worker-20: Launching sonar-1] INFO  o.e.m.i.launch.MavenLaunchDelegate - Run build in "D:\Jag\harman_training\Training\microservices\sonar-1":
2025-06-30 10:35:45,179 [Worker-20: Launching sonar-1] INFO  o.e.m.i.launch.MavenLaunchDelegate -  mvn  -B -Dstyle.color=always sonar:sonar -Dsonar.projectKey=harman-r -Dsonar.host.url=http://localhost:9000  -Dsonar.login=39a2b44e771bd3e27ed56b3af419e451b5a11827
